Speed,Overlimit,License
66,1,NJ
66,1,NC
66,1,VA
66,1,NY
66,1,FL
66,1,NC
66,1,VA
66,1,NJ
67,2,MD
67,2,MA
67,2,CT
67,2,NY
67,2,VA
67,2,NY
67,2,MD
67,2,NY
67,2,VA
67,2,NJ
67,2,MD
67,2,MA
67,2,NY
67,2,MD
67,2,PA
67,2,NY
67,2,NY
67,2,NY
67,2,PA
67,2,SC
67,2,NJ
67,2,NC
67,2,CT
67,2,MA
67,2,NJ
67,2,VA
67,2,NY
67,2,NJ
67,2,NJ
67,2,NJ
67,2,VA
67,2,PA
67,2,NY
67,2,NJ
67,2,PA
67,2,NJ
67,2,NJ
67,2,NJ
67,2,NJ
67,2,NJ
67,2,GA
67,2,NJ
67,2,NJ
67,2,NY
67,2,NJ
67,2,NJ
67,2,NJ
67,2,PA
67,2,NJ
67,2,NJ
67,2,NY
67,2,NJ
67,2,CT
68,3,NJ
68,3,NJ
68,3,NY
68,3,CT
68,3,PA
68,3,PA
68,3,NJ
68,3,NJ
68,3,NJ
68,3,NY
68,3,NY
68,3,CT
68,3,NY
68,3,NY
68,3,IL
68,3,PA
68,3,NY
68,3,NJ
68,3,NJ
68,3,NJ
68,3,CT
68,3,MA
68,3,VA
68,3,MD
68,3,MD
68,3,NJ
68,3,NY
68,3,NJ
68,3,NC
68,3,SC
68,3,VA
68,3,NJ
68,3,NY
68,3,NY
68,3,NY
68,3,VA
68,3,NJ
68,3,MD
68,3,NY
68,3,NJ
68,3,NJ
68,3,SC
68,3,PA
68,3,VA
68,3,NY
68,3,NJ
68,3,PA
68,3,VA
68,3,NJ
68,3,NJ
68,3,CT
68,3,CT
68,3,NJ
68,3,NJ
68,3,PA
68,3,NJ
68,3,NJ
68,3,NJ
68,3,NC
68,3,DE
68,3,NJ
68,3,MD
68,3,FL
68,3,VA
68,3,NJ
68,3,NJ
68,3,NJ
68,3,MD
68,3,NC
68,3,VA
68,3,NJ
68,3,NJ
68,3,MD
68,3,NJ
68,3,MD
68,3,CT
68,3,NJ
68,3,NJ
68,3,MD
68,3,PA
68,3,PA
68,3,NJ
68,3,NJ
68,3,NJ
68,3,VA
68,3,NJ
68,3,NY
68,3,NJ
68,3,MD
68,3,VA
68,3,CT
68,3,VA
68,3,PA
68,3,NJ
68,3,NY
68,3,MD
68,3,NY
68,3,NJ
68,3,MA
68,3,PA
68,3,PA
68,3,NY
68,3,ME
68,3,NJ
68,3,RI
68,3,NJ
68,3,NY
68,3,VA
68,3,NY
68,3,MD
68,3,MD
68,3,NY
68,3,GA
68,3,NY
68,3,NJ
68,3,NJ
68,3,NJ
68,3,NJ
68,3,NJ
68,3,NJ
68,3,NJ
68,3,NJ
68,3,NJ
68,3,PA
68,3,NJ
68,3,MD
68,3,VA
68,3,CO
68,3,NJ
68,3,NY
68,3,NJ
68,3,NJ
68,3,NY
68,3,NJ
68,3,NJ
68,3,MD
68,3,NY
68,3,NJ
68,3,NJ
68,3,NJ
68,3,NY
68,3,NJ
68,3,NJ
68,3,VA
68,3,NY
69,4,NJ
69,4,PA
69,4,ND
69,4,NJ
69,4,NJ
69,4,NJ
69,4,NJ
69,4,NJ
69,4,NJ
69,4,NJ
69,4,FL
69,4,NJ
69,4,PA
69,4,NJ
69,4,PA
69,4,MD
69,4,MD
69,4,MA
69,4,MD
69,4,MD
69,4,NC
69,4,FL
69,4,U 
69,4,DE
69,4,VA
69,4,CT
69,4,VA
69,4,NJ
69,4,NJ
69,4,NJ
69,4,U 
69,4,PA
69,4,NJ
69,4,NY
69,4,NJ
69,4,NJ
69,4,NJ
69,4,NY
69,4,NJ
69,4,NJ
69,4,VA
69,4,NY
69,4,NY
69,4,MA
69,4,NJ
69,4,DC
69,4,VA
69,4,NY
69,4,VA
69,4,CT
69,4,NY
69,4,NY
69,4,NY
69,4,MA
69,4,NJ
69,4,CT
69,4,NJ
69,4,NJ
69,4,DE
69,4,NJ
69,4,DE
69,4,FL
69,4,MD
69,4,NJ
69,4,VA
69,4,FL
69,4,PA
69,4,CT
69,4,VT
69,4,FL
69,4,MD
69,4,VA
69,4,CT
69,4,NJ
69,4,NY
69,4,MD
69,4,VA
69,4,NY
69,4,NY
69,4,NY
69,4,PA
69,4,NJ
69,4,CT
69,4,U 
69,4,CA
69,4,NY
69,4,SC
69,4,NY
69,4,NY
69,4,NY
69,4,NJ
69,4,NJ
69,4,PA
69,4,NY
69,4,NJ
69,4,PA
69,4,RI
69,4,CA
69,4,NJ
69,4,NJ
69,4,PA
69,4,NY
69,4,NJ
69,4,GA
69,4,NJ
69,4,FL
69,4,MD
69,4,NJ
69,4,NJ
69,4,NY
69,4,NY
69,4,DC
69,4,VA
69,4,NJ
69,4,MA
69,4,NJ
69,4,NY
69,4,NY
69,4,U 
69,4,NJ
69,4,DE
69,4,MA
69,4,NY
69,4,NJ
69,4,MA
69,4,NY
69,4,MD
69,4,MD
69,4,NC
69,4,NJ
69,4,MD
69,4,NJ
69,4,DE
69,4,NJ
69,4,NJ
69,4,NJ
69,4,NC
69,4,NJ
69,4,MD
69,4,NJ
69,4,NY
69,4,FL
69,4,VA
69,4,MD
69,4,NJ
69,4,NY
69,4,MA
69,4,MD
69,4,NJ
69,4,NY
69,4,MD
69,4,NY
69,4,PA
69,4,MD
69,4,CT
69,4,NJ
69,4,MD
69,4,NY
69,4,NJ
69,4,NY
69,4,NY
69,4,NJ
69,4,VA
69,4,NY
69,4,NJ
69,4,NY
69,4,MA
69,4,NY
69,4,VA
69,4,NJ
69,4,NJ
69,4,VA
69,4,NJ
69,4,NY
69,4,MD
69,4,NJ
69,4,VA
69,4,NJ
69,4,MD
69,4,NY
69,4,NJ
69,4,MD
69,4,NC
69,4,MD
69,4,NY
69,4,NJ
69,4,NJ
69,4,CT
69,4,ME
69,4,NJ
69,4,NY
69,4,NY
69,4,FL
69,4,NY
69,4,VA
69,4,MA
69,4,MD
69,4,DE
69,4,PA
69,4,PA
69,4,NJ
69,4,FL
69,4,MA
69,4,VA
69,4,LA
69,4,NJ
69,4,NJ
69,4,NJ
69,4,NJ
69,4,MD
69,4,NJ
69,4,VA
69,4,DE
69,4,NJ
69,4,DE
69,4,NJ
69,4,NY
69,4,NY
69,4,OH
69,4,FL
69,4,NJ
69,4,DE
69,4,NJ
69,4,U 
69,4,NJ
69,4,OH
69,4,NJ
69,4,NJ
69,4,NJ
69,4,TX
69,4,MD
69,4,NJ
69,4,MA
69,4,NJ
69,4,NY
69,4,MD
69,4,NY
69,4,MA
69,4,NY
69,4,NJ
69,4,NY
69,4,DE
69,4,NJ
69,4,NJ
69,4,FL
69,4,NJ
69,4,NJ
69,4,NJ
69,4,NJ
69,4,DE
79,4,NJ
50,5,U 
70,5,NJ
70,5,NJ
70,5,DC
70,5,NY
70,5,NY
70,5,NY
70,5,PA
70,5,PA
70,5,NJ
70,5,NY
70,5,MA
70,5,NJ
70,5,VA
70,5,MD
70,5,MA
70,5,NY
70,5,ME
70,5,PA
70,5,NY
70,5,NC
70,5,NY
70,5,DE
70,5,VA
70,5,DE
70,5,MD
70,5,NY
70,5,NY
70,5,MD
70,5,NY
70,5,NJ
70,5,NJ
70,5,FL
70,5,VA
70,5,NY
70,5,NJ
70,5,CT
70,5,MD
70,5,MD
70,5,MS
70,5,CT
70,5,NY
70,5,DE
70,5,DE
70,5,DE
70,5,NJ
70,5,TX
70,5,NY
70,5,NY
70,5,NY
70,5,FL
70,5,CT
70,5,NJ
70,5,MD
70,5,NJ
70,5,NJ
70,5,NY
70,5,NJ
70,5,NY
70,5,NC
70,5,DE
70,5,MD
70,5,MD
70,5,NJ
70,5,VA
70,5,VA
70,5,MD
70,5,NJ
70,5,NY
70,5,NY
70,5,NY
70,5,NJ
70,5,NJ
70,5,CT
70,5,NJ
70,5,DE
70,5,NJ
70,5,MD
70,5,NJ
70,5,DE
70,5,NJ
70,5,CA
70,5,FL
70,5,NJ
70,5,MD
70,5,MD
70,5,NC
70,5,NJ
70,5,VA
70,5,FL
70,5,NJ
70,5,FL
70,5,DE
70,5,MD
70,5,NJ
70,5,MA
70,5,MA
70,5,FL
70,5,MD
70,5,NJ
70,5,NJ
70,5,VA
70,5,VA
70,5,MD
70,5,NY
70,5,NC
70,5,NY
70,5,IN
70,5,NJ
70,5,NJ
70,5,FL
70,5,NJ
70,5,MD
70,5,NY
70,5,TN
70,5,NJ
70,5,PA
70,5,IN
70,5,MA
70,5,PA
70,5,PA
70,5,NJ
70,5,IL
70,5,NJ
70,5,NC
70,5,MD
70,5,ME
70,5,NC
70,5,CT
70,5,MD
70,5,NY
70,5,MD
70,5,NJ
70,5,NY
70,5,NJ
70,5,NY
70,5,ME
70,5,NJ
70,5,VA
70,5,DE
70,5,NJ
70,5,VA
70,5,NJ
70,5,NJ
70,5,NJ
70,5,NY
70,5,NJ
70,5,U 
70,5,MD
70,5,NJ
70,5,NJ
70,5,NJ
70,5,NC
70,5,VA
70,5,NY
70,5,PA
70,5,NJ
70,5,DC
70,5,NY
70,5,NC
70,5,NJ
70,5,NJ
70,5,MD
70,5,FL
70,5,NJ
70,5,NJ
70,5,CT
70,5,NC
70,5,NJ
70,5,NJ
70,5,NJ
70,5,NY
70,5,NJ
70,5,NJ
70,5,NJ
70,5,VA
70,5,MD
70,5,VA
70,5,CT
70,5,NJ
70,5,MD
70,5,PA
70,5,NJ
70,5,PA
70,5,FL
70,5,PA
70,5,PA
70,5,PA
70,5,VA
70,5,DE
70,5,MD
70,5,NY
70,5,NC
70,5,NJ
70,5,NJ
70,5,NY
70,5,NJ
70,5,NJ
70,5,NY
70,5,NJ
70,5,VA
70,5,NC
70,5,FL
70,5,NJ
70,5,MD
70,5,RI
70,5,MD
70,5,FL
70,5,RI
70,5,SC
70,5,NJ
70,5,NJ
70,5,NJ
70,5,NY
70,5,NJ
70,5,MD
70,5,PA
70,5,CT
70,5,NJ
70,5,NJ
70,5,VA
70,5,NJ
70,5,VA
70,5,NY
70,5,DE
70,5,NY
70,5,NJ
70,5,TN
70,5,VA
70,5,NY
70,5,MD
70,5,PA
70,5,MD
70,5,FL
70,5,NJ
70,5,NJ
70,5,NJ
70,5,NJ
70,5,TX
70,5,NJ
70,5,FL
70,5,MD
70,5,NC
70,5,NJ
70,5,NJ
70,5,NY
70,5,TX
70,5,MD
70,5,NJ
70,5,NJ
70,5,MD
70,5,NJ
70,5,NY
70,5,MD
70,5,VA
70,5,MD
70,5,MD
70,5,DE
70,5,PA
70,5,NY
70,5,NY
70,5,DE
70,5,NY
70,5,MD
70,5,NJ
70,5,KS
70,5,NJ
70,5,CT
70,5,CT
70,5,CT
70,5,NJ
70,5,FL
70,5,NY
70,5,NY
70,5,NJ
70,5,NJ
70,5,PA
70,5,DC
70,5,NJ
70,5,NJ
70,5,NY
70,5,NJ
70,5,NJ
70,5,IN
70,5,VA
70,5,FL
70,5,NJ
70,5,NJ
70,5,NJ
70,5,NY
70,5,CT
70,5,NY
70,5,CT
70,5,NJ
70,5,PA
70,5,NC
70,5,DE
70,5,NJ
70,5,NJ
70,5,NJ
70,5,NJ
70,5,NJ
70,5,MA
70,5,DE
70,5,NJ
70,5,NY
70,5,NJ
70,5,FL
70,5,DE
70,5,MA
70,5,DE
70,5,NJ
70,5,VA
70,5,NC
70,5,GA
70,5,NJ
70,5,NJ
70,5,WI
70,5,NY
70,5,AS
70,5,FL
70,5,NJ
70,5,NY
70,5,NJ
70,5,CT
70,5,VT
70,5,NY
70,5,NC
70,5,NJ
70,5,NY
70,5,NY
70,5,DC
70,5,MA
70,5,MD
71,6,DE
71,6,MD
71,6,NY
71,6,U 
71,6,NJ
71,6,NY
71,6,PA
71,6,NJ
71,6,MD
71,6,NY
71,6,NY
71,6,NY
71,6,NH
71,6,U 
71,6,NJ
71,6,VA
71,6,CN
71,6,NY
71,6,CT
71,6,NY
71,6,PA
71,6,NJ
71,6,NJ
71,6,MO
71,6,NY
71,6,PA
71,6,CT
71,6,NY
71,6,NJ
71,6,NY
71,6,NY
71,6,NJ
71,6,MD
71,6,DE
71,6,MD
71,6,DE
71,6,NJ
71,6,VA
71,6,NC
71,6,NY
71,6,NJ
71,6,NJ
71,6,NJ
71,6,NY
71,6,WV
71,6,NJ
71,6,NJ
71,6,NY
71,6,U 
71,6,NJ
71,6,CT
71,6,FL
71,6,NC
71,6,NY
71,6,DE
71,6,CT
71,6,PA
71,6,MD
71,6,NJ
71,6,CT
71,6,NJ
71,6,NJ
71,6,NY
71,6,NJ
71,6,NY
71,6,NJ
71,6,NY
71,6,NY
71,6,MA
71,6,MD
71,6,NJ
71,6,DE
71,6,NJ
71,6,NJ
71,6,NY
71,6,NJ
71,6,NJ
71,6,PA
71,6,CT
71,6,MA
71,6,NY
71,6,DC
71,6,FL
71,6,VA
71,6,MD
71,6,DE
71,6,MD
71,6,MA
71,6,MD
71,6,PA
71,6,NJ
71,6,NJ
71,6,NY
71,6,FL
71,6,NY
71,6,VA
71,6,NJ
71,6,NJ
71,6,PA
71,6,NY
71,6,NJ
71,6,CT
71,6,NY
71,6,DE
71,6,NY
71,6,NJ
71,6,MD
71,6,NJ
71,6,NJ
71,6,NJ
71,6,NY
71,6,VA
71,6,NJ
71,6,NJ
71,6,NY
71,6,NJ
71,6,PA
71,6,NY
71,6,NC
71,6,NJ
71,6,VA
71,6,NJ
71,6,U 
71,6,DE
71,6,NJ
71,6,NJ
71,6,NJ
71,6,NJ
71,6,MD
71,6,FL
71,6,MD
71,6,MD
71,6,NY
71,6,MA
71,6,NY
71,6,NY
71,6,MD
71,6,NJ
71,6,NJ
71,6,U 
71,6,MD
71,6,MD
71,6,PA
71,6,NJ
71,6,NJ
71,6,MD
71,6,MD
71,6,NY
71,6,NY
71,6,MD
71,6,NJ
71,6,CT
71,6,NJ
71,6,NY
71,6,DC
71,6,NJ
71,6,NJ
71,6,NJ
71,6,NJ
71,6,NY
71,6,NJ
71,6,NJ
71,6,PA
71,6,VA
71,6,SC
71,6,MA
71,6,NY
71,6,MA
71,6,NJ
71,6,NJ
71,6,NJ
71,6,NJ
71,6,NJ
71,6,WI
71,6,NY
71,6,U 
71,6,WI
71,6,PA
71,6,NJ
71,6,NJ
71,6,NJ
71,6,NY
71,6,NJ
71,6,MD
71,6,NJ
71,6,NJ
71,6,NY
71,6,RI
71,6,CT
71,6,NY
71,6,NY
71,6,NJ
71,6,FL
71,6,NJ
71,6,NJ
71,6,NJ
71,6,NJ
71,6,NJ
71,6,NJ
71,6,MD
71,6,NY
71,6,PA
71,6,VA
71,6,DE
71,6,U 
71,6,PA
71,6,NY
71,6,DC
71,6,PA
71,6,NC
71,6,NJ
71,6,MD
71,6,PA
71,6,DE
71,6,MD
71,6,NJ
71,6,PA
71,6,VA
71,6,NY
71,6,NJ
71,6,NJ
71,6,NY
71,6,NJ
71,6,DE
71,6,NJ
71,6,FL
71,6,NY
71,6,NY
71,6,NJ
71,6,MD
71,6,VA
71,6,MD
71,6,U 
71,6,DE
71,6,NY
71,6,NJ
71,6,NY
71,6,NJ
71,6,NJ
71,6,MD
71,6,NJ
71,6,NJ
71,6,NJ
71,6,NJ
71,6,VA
71,6,MD
71,6,NJ
71,6,SC
71,6,NJ
71,6,WV
71,6,VA
71,6,MD
71,6,NJ
71,6,VA
71,6,MD
71,6,DE
71,6,NY
71,6,NY
71,6,NJ
71,6,RI
71,6,NJ
71,6,PA
71,6,NJ
71,6,PA
71,6,NJ
71,6,CT
71,6,DE
71,6,NY
71,6,MI
71,6,NJ
71,6,MD
71,6,NC
71,6,OK
71,6,PA
71,6,NY
71,6,MD
71,6,VA
71,6,NJ
71,6,NY
71,6,NY
71,6,VA
71,6,CT
71,6,NJ
71,6,NJ
71,6,NJ
71,6,NY
71,6,NJ
71,6,NY
71,6,MD
71,6,NJ
71,6,NJ
71,6,VA
71,6,DE
71,6,NJ
71,6,NJ
71,6,NJ
71,6,CT
71,6,MA
71,6,NJ
71,6,NY
71,6,MD
71,6,MA
71,6,FL
71,6,PA
71,6,NY
71,6,NJ
71,6,NY
71,6,NJ
71,6,OH
71,6,NY
71,6,FL
71,6,NY
71,6,MD
71,6,MD
71,6,VA
71,6,DE
71,6,DE
71,6,NJ
71,6,PA
71,6,NJ
71,6,NJ
71,6,NY
71,6,NJ
71,6,NJ
71,6,DE
71,6,MD
71,6,MD
71,6,MD
71,6,NJ
71,6,MD
71,6,VA
71,6,NY
71,6,NY
71,6,NJ
71,6,VA
71,6,NJ
71,6,NJ
71,6,VA
71,6,CT
71,6,MD
71,6,NY
71,6,VA
71,6,DE
71,6,MD
71,6,PA
71,6,NY
71,6,VA
71,6,FL
71,6,NJ
71,6,NJ
71,6,NY
71,6,DC
71,6,MD
71,6,WV
71,6,VA
71,6,VA
71,6,NJ
71,6,DE
71,6,PA
71,6,DE
71,6,MD
71,6,PA
71,6,PA
71,6,NY
71,6,MD
71,6,FL
71,6,MD
71,6,MD
71,6,NJ
71,6,VA
71,6,MD
71,6,CT
71,6,NY
71,6,CT
71,6,DE
71,6,NY
71,6,MA
71,6,PA
71,6,NJ
71,6,DE
71,6,NJ
71,6,NJ
71,6,NY
71,6,NJ
71,6,VA
71,6,VA
71,6,MD
71,6,U 
71,6,AL
71,6,DE
71,6,VA
71,6,NJ
71,6,VA
71,6,NY
71,6,NY
71,6,NY
71,6,CT
71,6,NJ
71,6,FL
71,6,NJ
71,6,NJ
71,6,NC
71,6,MD
71,6,NY
71,6,NJ
71,6,PA
71,6,NY
71,6,NJ
71,6,NJ
71,6,NJ
71,6,NJ
71,6,NJ
71,6,DE
71,6,NJ
71,6,PA
71,6,SC
71,6,NJ
71,6,NJ
71,6,MA
71,6,NJ
71,6,NJ
71,6,NJ
71,6,NC
71,6,PA
71,6,NY
71,6,NJ
71,6,VA
71,6,VA
71,6,CT
71,6,MD
71,6,VA
71,6,NY
71,6,NJ
71,6,VA
71,6,NJ
71,6,NJ
71,6,NJ
71,6,DC
71,6,DC
71,6,NY
71,6,VA
71,6,NC
71,6,VA
72,7,NC
72,7,NJ
72,7,PA
72,7,NY
72,7,U 
72,7,U 
72,7,NJ
72,7,VA
72,7,PA
72,7,NJ
72,7,NY
72,7,U 
72,7,NY
72,7,NY
72,7,NY
72,7,MA
72,7,U 
72,7,DC
72,7,NJ
72,7,NJ
72,7,U 
72,7,VA
72,7,NJ
72,7,NY
72,7,NC
72,7,RI
72,7,NC
72,7,DC
72,7,NJ
72,7,NY
72,7,NJ
72,7,PA
72,7,U 
72,7,MD
72,7,NJ
72,7,VA
72,7,DC
72,7,MA
72,7,MD
72,7,NY
72,7,NY
72,7,NY
72,7,NJ
72,7,CT
72,7,MD
72,7,NJ
72,7,MD
72,7,NJ
72,7,CT
72,7,MA
72,7,NY
72,7,NY
72,7,VA
72,7,NY
72,7,PA
72,7,VA
72,7,MD
72,7,FL
72,7,VA
72,7,MD
72,7,DC
72,7,NJ
72,7,NJ
72,7,NH
72,7,DE
72,7,MD
72,7,SC
72,7,MD
72,7,MD
72,7,U 
72,7,MA
72,7,TX
72,7,U 
72,7,NJ
72,7,PA
72,7,PA
72,7,MD
72,7,NJ
72,7,MD
72,7,NJ
72,7,NY
72,7,PA
72,7,NJ
72,7,MD
72,7,NY
72,7,MD
72,7,VA
72,7,NJ
72,7,PA
72,7,NY
72,7,PA
72,7,DE
72,7,PA
72,7,PA
72,7,NY
72,7,PA
72,7,PA
72,7,NJ
72,7,NJ
72,7,VA
72,7,NY
72,7,MD
72,7,CA
72,7,VA
72,7,MA
72,7,MD
72,7,NY
72,7,MD
72,7,MD
72,7,NY
72,7,NJ
72,7,IL
72,7,CT
72,7,PA
72,7,FL
72,7,NJ
72,7,VT
72,7,NJ
72,7,NY
72,7,FL
72,7,NJ
72,7,DE
72,7,MA
72,7,PA
72,7,NJ
72,7,VA
72,7,NJ
72,7,MD
72,7,PA
72,7,NJ
72,7,NJ
72,7,NJ
72,7,NJ
72,7,NJ
72,7,SC
72,7,NJ
72,7,NY
72,7,VA
72,7,NY
72,7,VA
72,7,NY
72,7,VA
72,7,NJ
72,7,FL
72,7,RI
72,7,NJ
72,7,VA
72,7,NJ
72,7,FL
72,7,VA
72,7,NJ
72,7,VA
72,7,NJ
72,7,NJ
72,7,NJ
72,7,NJ
72,7,DE
72,7,PA
72,7,NJ
72,7,VA
72,7,PA
72,7,MA
72,7,NJ
72,7,U 
72,7,NJ
72,7,PA
72,7,DE
72,7,NY
72,7,NJ
72,7,VA
72,7,SC
72,7,VA
72,7,MA
72,7,MA
72,7,WV
72,7,PA
72,7,NY
72,7,MD
72,7,NY
72,7,DC
72,7,NJ
72,7,NJ
72,7,SC
72,7,PA
72,7,NY
72,7,NJ
72,7,NY
72,7,NJ
72,7,NJ
72,7,NJ
72,7,NJ
72,7,NJ
72,7,NJ
72,7,NJ
72,7,NJ
72,7,NJ
72,7,NC
72,7,NJ
72,7,NJ
72,7,NY
72,7,NJ
72,7,NJ
72,7,PA
72,7,PA
72,7,NJ
72,7,NJ
72,7,NJ
72,7,NC
72,7,MD
72,7,PA
72,7,MA
72,7,NJ
72,7,NJ
72,7,NY
72,7,NJ
72,7,NJ
72,7,VA
72,7,NY
72,7,NJ
72,7,NJ
72,7,NJ
72,7,FL
72,7,MD
72,7,SC
72,7,CT
72,7,MD
72,7,MI
72,7,MD
72,7,DE
72,7,NJ
72,7,NJ
72,7,NY
72,7,MD
72,7,GA
72,7,NJ
72,7,NJ
72,7,PA
72,7,PA
72,7,NJ
72,7,NJ
72,7,PA
72,7,PA
72,7,NJ
72,7,NJ
72,7,NY
72,7,NJ
72,7,NC
72,7,NJ
72,7,NC
72,7,NY
72,7,NJ
72,7,NJ
72,7,NY
72,7,ME
72,7,NJ
72,7,NJ
72,7,DC
72,7,NJ
72,7,DE
72,7,NY
72,7,NY
72,7,PA
72,7,NJ
72,7,WA
72,7,NY
72,7,FL
72,7,PA
72,7,NJ
72,7,DE
72,7,VA
72,7,PA
72,7,NH
72,7,NY
72,7,NJ
72,7,VA
72,7,FL
72,7,FL
72,7,MD
72,7,NY
72,7,MA
72,7,NJ
72,7,U 
72,7,NY
72,7,MD
72,7,MD
72,7,PA
72,7,NY
72,7,FL
72,7,NJ
72,7,SC
72,7,MA
72,7,VA
72,7,DE
72,7,VA
72,7,NJ
72,7,PA
72,7,MD
72,7,MD
72,7,DC
72,7,NJ
72,7,MD
72,7,NJ
72,7,MA
72,7,NY
72,7,NJ
72,7,GA
72,7,NY
72,7,NY
72,7,MD
72,7,MD
72,7,NJ
72,7,NY
72,7,NY
72,7,PA
72,7,MA
72,7,NJ
72,7,NY
72,7,NY
72,7,NY
72,7,NY
72,7,NY
72,7,CT
72,7,NJ
72,7,NJ
72,7,TN
72,7,MD
72,7,VA
72,7,VA
72,7,GA
72,7,PA
72,7,PA
72,7,VA
72,7,NY
72,7,VT
72,7,PA
72,7,NH
72,7,PA
72,7,DE
72,7,MD
72,7,NY
72,7,NJ
72,7,VA
72,7,NJ
72,7,VT
72,7,NJ
72,7,NJ
72,7,DE
72,7,MD
72,7,VA
72,7,MD
72,7,MD
72,7,MA
72,7,NJ
72,7,NY
72,7,VA
72,7,NJ
72,7,NJ
72,7,NY
72,7,PA
72,7,PA
72,7,NJ
72,7,NJ
72,7,NY
72,7,NY
72,7,NJ
72,7,PA
72,7,NJ
72,7,NY
72,7,NJ
72,7,NJ
72,7,VA
72,7,MA
72,7,NJ
72,7,NY
72,7,NJ
72,7,VA
72,7,NY
72,7,NJ
72,7,NC
72,7,VA
72,7,NJ
72,7,NY
72,7,NJ
72,7,PA
72,7,NJ
72,7,MA
72,7,NY
72,7,MD
72,7,MD
72,7,DE
72,7,NJ
72,7,FL
72,7,DE
72,7,NJ
72,7,MD
72,7,NY
72,7,NJ
72,7,NJ
72,7,PA
72,7,NJ
72,7,PA
72,7,NJ
72,7,MD
72,7,NJ
72,7,NJ
72,7,MD
72,7,MD
72,7,NJ
72,7,NJ
72,7,DE
72,7,GA
72,7,NJ
72,7,NY
72,7,NY
72,7,NJ
72,7,MD
72,7,MD
72,7,TX
72,7,NY
72,7,CT
72,7,NJ
72,7,NY
72,7,NY
72,7,NY
72,7,VA
72,7,NJ
72,7,VA
72,7,CT
72,7,MD
72,7,NJ
72,7,NJ
72,7,MD
72,7,NY
72,7,VA
72,7,NJ
72,7,DE
72,7,PA
72,7,MA
72,7,MD
72,7,FL
72,7,NC
72,7,MD
72,7,NJ
72,7,CT
72,7,CT
72,7,VA
72,7,DE
72,7,VA
72,7,NJ
72,7,VA
72,7,NY
72,7,PA
72,7,VA
72,7,VA
72,7,NJ
72,7,NY
72,7,NY
72,7,PA
72,7,NY
72,7,CT
72,7,PA
72,7,CT
72,7,NY
72,7,NJ
72,7,CT
72,7,NY
72,7,NJ
72,7,PA
72,7,MD
72,7,PA
72,7,MD
72,7,NJ
72,7,VA
72,7,CT
72,7,NJ
72,7,NJ
72,7,NJ
72,7,CT
72,7,NJ
72,7,MD
72,7,MD
72,7,NY
72,7,NY
72,7,NJ
72,7,NJ
72,7,NY
72,7,DE
72,7,PA
72,7,VA
72,7,NJ
72,7,NJ
72,7,MD
72,7,NJ
72,7,NJ
72,7,NJ
72,7,NJ
72,7,NJ
72,7,PA
72,7,NJ
72,7,NY
72,7,NJ
72,7,NJ
72,7,MD
72,7,NY
72,7,MA
72,7,CT
72,7,NY
72,7,NY
72,7,MD
72,7,NY
72,7,PA
72,7,VA
72,7,VA
72,7,CT
72,7,NJ
72,7,PA
72,7,NY
72,7,NY
72,7,MA
72,7,PA
72,7,FL
72,7,NJ
72,7,NJ
72,7,NJ
72,7,NJ
72,7,NJ
72,7,NY
72,7,SC
72,7,NJ
72,7,DE
72,7,MA
72,7,PA
72,7,NJ
72,7,MD
72,7,NJ
72,7,NJ
72,7,NJ
72,7,MD
72,7,VA
72,7,NJ
72,7,NJ
72,7,MD
72,7,NJ
72,7,CT
72,7,NJ
72,7,NY
72,7,NJ
72,7,NJ
72,7,NJ
72,7,VA
72,8,U 
72,8,OH
73,8,FL
73,8,NJ
73,8,VA
73,8,VA
73,8,NY
73,8,U 
73,8,NJ
73,8,U 
73,8,U 
73,8,U 
73,8,CT
73,8,VA
73,8,NY
73,8,NY
73,8,NY
73,8,NJ
73,8,NY
73,8,NY
73,8,NJ
73,8,FL
73,8,NY
73,8,MI
73,8,NY
73,8,NJ
73,8,NJ
73,8,U 
73,8,VA
73,8,MD
73,8,NJ
73,8,MA
73,8,NY
73,8,PA
73,8,NJ
73,8,CT
73,8,NJ
73,8,NJ
73,8,DE
73,8,PA
73,8,NJ
73,8,PA
73,8,NJ
73,8,MA
73,8,NJ
73,8,PA
73,8,MD
73,8,DE
73,8,MD
73,8,DE
73,8,CT
73,8,VA
73,8,NJ
73,8,NJ
73,8,NJ
73,8,NJ
73,8,NJ
73,8,NJ
73,8,NJ
73,8,VA
73,8,NJ
73,8,NJ
73,8,NY
73,8,NY
73,8,PA
73,8,NJ
73,8,NJ
73,8,NJ
73,8,NY
73,8,NJ
73,8,NY
73,8,DE
73,8,NJ
73,8,MI
73,8,VA
73,8,MD
73,8,DC
73,8,VA
73,8,MD
73,8,MD
73,8,NY
73,8,MD
73,8,U 
73,8,VA
73,8,U 
73,8,MD
73,8,NJ
73,8,NJ
73,8,DE
73,8,NC
73,8,NJ
73,8,NC
73,8,U 
73,8,NJ
73,8,NJ
73,8,PA
73,8,PA
73,8,NY
73,8,MD
73,8,DE
73,8,PA
73,8,NY
73,8,NY
73,8,CT
73,8,NJ
73,8,CT
73,8,NY
73,8,NJ
73,8,RI
73,8,MD
73,8,MD
73,8,MD
73,8,NJ
73,8,NJ
73,8,NJ
73,8,NY
73,8,IN
73,8,NY
73,8,MD
73,8,NJ
73,8,NY
73,8,MD
73,8,NY
73,8,MA
73,8,NY
73,8,PA
73,8,NJ
73,8,NY
73,8,DE
73,8,MD
73,8,NJ
73,8,DE
73,8,DE
73,8,NJ
73,8,MD
73,8,NJ
73,8,NJ
73,8,NJ
73,8,NJ
73,8,NJ
73,8,NJ
73,8,NJ
73,8,NY
73,8,NJ
73,8,NY
73,8,NJ
73,8,NJ
73,8,NJ
73,8,PA
73,8,NJ
73,8,NJ
73,8,NY
73,8,MD
73,8,PA
73,8,NC
73,8,NJ
73,8,MA
73,8,NY
73,8,NJ
73,8,NJ
73,8,CT
73,8,NY
73,8,MD
73,8,PA
73,8,PA
73,8,NJ
73,8,NY
73,8,VA
73,8,MD
73,8,CT
73,8,NJ
73,8,NJ
73,8,FL
73,8,FL
73,8,NJ
73,8,GA
73,8,ME
73,8,NY
73,8,NJ
73,8,NJ
73,8,SC
73,8,NY
73,8,NJ
73,8,FL
73,8,VA
73,8,NJ
73,8,NJ
73,8,NJ
73,8,MD
73,8,MD
73,8,FL
73,8,NY
73,8,NY
73,8,NJ
73,8,NJ
73,8,NC
73,8,PA
73,8,NJ
73,8,PA
73,8,NJ
73,8,MD
73,8,MD
73,8,MD
73,8,NJ
73,8,NJ
73,8,PA
73,8,NJ
73,8,NJ
73,8,VA
73,8,PA
73,8,NJ
73,8,MD
73,8,NJ
73,8,NJ
73,8,NJ
73,8,NJ
73,8,NJ
73,8,NJ
73,8,NY
73,8,NJ
73,8,PA
73,8,FL
73,8,MD
73,8,NJ
73,8,PA
73,8,NJ
73,8,NJ
73,8,PA
73,8,NJ
73,8,NJ
73,8,NY
73,8,NJ
73,8,MD
73,8,NJ
73,8,NJ
73,8,NJ
73,8,NY
73,8,NY
73,8,NJ
73,8,MD
73,8,PA
73,8,NY
73,8,NJ
73,8,NJ
73,8,RI
73,8,NJ
73,8,NJ
73,8,WA
73,8,NJ
73,8,NC
73,8,DC
73,8,NY
73,8,U 
73,8,NJ
73,8,MD
73,8,NJ
73,8,NJ
73,8,PA
73,8,NJ
73,8,VA
73,8,NY
73,8,NJ
73,8,NJ
73,8,NY
73,8,NJ
73,8,NJ
73,8,VA
73,8,VA
73,8,CT
73,8,MD
73,8,LS
73,8,PA
73,8,MD
73,8,NJ
73,8,NY
73,8,NJ
73,8,MD
73,8,DE
73,8,NJ
73,8,NJ
73,8,CA
73,8,NJ
73,8,NY
73,8,MD
73,8,VA
73,8,NY
73,8,PA
73,8,MD
73,8,NJ
73,8,NY
73,8,NY
73,8,NY
73,8,MD
73,8,MA
73,8,NY
73,8,MD
73,8,NY
73,8,NJ
73,8,MD
73,8,MA
73,8,NJ
73,8,NJ
73,8,NJ
73,8,MD
73,8,NJ
73,8,NY
73,8,NJ
73,8,VA
73,8,NJ
73,8,NJ
73,8,MD
73,8,NJ
73,8,NY
73,8,MD
73,8,NJ
73,8,DE
73,8,VA
73,8,VA
73,8,MD
73,8,NJ
73,8,NJ
73,8,FL
73,8,NJ
73,8,FL
73,8,MD
73,8,FL
73,8,MD
73,8,VA
73,8,WV
73,8,VA
73,8,PA
73,8,NY
73,8,NY
73,8,PA
73,8,NJ
73,8,VA
73,8,NJ
73,8,MD
73,8,VA
73,8,NC
73,8,PA
73,8,NY
73,8,NJ
73,8,PA
73,8,PA
73,8,SC
73,8,NY
73,8,NJ
73,8,NY
73,8,MD
73,8,VA
73,8,NJ
73,8,NJ
73,8,NY
73,8,NJ
73,8,PA
73,8,VA
73,8,PA
73,8,NJ
73,8,FL
73,8,NY
73,8,NY
73,8,NJ
73,8,NY
73,8,DE
73,8,NJ
73,8,NJ
73,8,DE
73,8,TX
73,8,NY
73,8,NJ
73,8,NY
73,8,NJ
73,8,VA
73,8,MA
73,8,NY
73,8,NJ
73,8,MA
73,8,MD
73,8,NY
73,8,CA
73,8,MD
73,8,NJ
73,8,NY
73,8,NY
73,8,PA
73,8,NY
73,8,MD
73,8,OH
73,8,NY
73,8,PA
73,8,NY
73,8,CT
73,8,PA
73,8,NY
73,8,WA
73,8,NY
73,8,NJ
73,8,MD
73,8,MD
73,8,NY
73,8,NY
73,8,NY
73,8,NY
73,8,NY
73,8,MD
73,8,SC
73,8,VA
73,8,VA
73,8,PA
73,8,DE
73,8,NJ
73,8,NJ
73,8,NY
73,8,DE
73,8,NJ
73,8,MD
73,8,MD
73,8,DE
73,8,NY
73,8,CT
73,8,NJ
73,8,VA
73,8,PA
73,8,MD
73,8,MD
73,8,CT
73,8,VA
73,8,NJ
73,8,PA
73,8,NJ
73,8,NJ
73,8,NJ
73,8,NJ
73,8,NJ
73,8,MD
73,8,PA
73,8,NY
73,8,NJ
73,8,NJ
73,8,NY
73,8,NJ
73,8,NJ
73,8,NJ
73,8,NY
73,8,NJ
73,8,NC
73,8,VA
73,8,VA
73,8,NJ
73,8,NJ
73,8,VA
73,8,CT
73,8,NJ
73,8,MD
73,8,NJ
73,8,NJ
73,8,NJ
73,8,MA
73,8,MD
73,8,VA
73,8,NJ
73,8,PA
73,8,NJ
73,8,MD
73,8,MD
73,8,VA
73,8,PA
73,8,DE
73,8,VA
73,8,NY
73,8,U 
73,8,NJ
73,8,MD
73,8,MD
73,8,VA
73,8,PA
73,8,MD
73,8,PA
73,8,NJ
73,8,NC
73,8,NJ
73,8,FL
73,8,NY
73,8,NY
73,8,NJ
73,8,NJ
73,8,MA
73,8,NJ
73,8,MD
73,8,VA
73,8,CT
73,8,NY
73,8,NJ
73,8,PA
73,8,MA
73,8,NJ
73,8,MD
73,8,NJ
73,8,NY
73,8,MD
73,8,NJ
73,8,NJ
73,8,NJ
73,8,PA
73,8,MD
73,8,NY
73,8,NY
73,8,NJ
73,8,WV
73,8,VA
73,8,VA
73,8,NJ
73,8,MD
73,8,MD
73,8,NJ
73,8,MD
73,8,MA
73,8,NY
73,8,NC
73,8,NJ
73,8,MA
73,8,NJ
73,8,AZ
73,8,SC
73,8,MD
73,8,RI
73,8,NJ
73,8,MA
73,8,NY
73,8,NJ
73,8,RI
73,8,NY
73,8,NH
73,8,NY
73,8,SC
73,8,CT
73,8,NJ
73,8,NJ
73,8,NY
73,8,NJ
73,8,NJ
73,8,NJ
73,8,TX
73,8,DE
73,8,NY
73,8,NJ
73,8,NJ
73,8,NJ
73,8,NJ
73,8,NJ
73,8,NJ
73,8,NJ
73,8,NJ
73,8,NJ
73,8,NY
73,8,NY
73,8,SC
73,8,NY
73,8,DE
73,8,PA
73,8,MA
73,8,NJ
73,8,NJ
73,8,CT
73,8,NJ
73,8,NJ
73,8,NY
73,8,CN
73,8,NJ
73,8,NY
73,8,MD
73,8,NJ
73,8,VT
73,8,PA
73,8,NJ
73,8,VA
73,8,PA
73,8,PA
73,8,NJ
73,8,NJ
73,8,OH
73,8,NJ
73,8,ME
73,8,NJ
73,8,NY
73,8,MA
73,8,NJ
73,8,FL
73,8,NJ
73,8,VA
73,8,CT
73,8,NJ
73,8,NY
73,8,VA
73,8,GA
73,8,DE
69,9,NY
74,9,NJ
74,9,NY
74,9,NY
74,9,NJ
74,9,PA
74,9,PA
74,9,NJ
74,9,U 
74,9,U 
74,9,U 
74,9,NY
74,9,NY
74,9,VT
74,9,NY
74,9,NY
74,9,MA
74,9,MA
74,9,U 
74,9,U 
74,9,NJ
74,9,NJ
74,9,NJ
74,9,MD
74,9,MD
74,9,NY
74,9,OH
74,9,VA
74,9,NJ
74,9,MD
74,9,NJ
74,9,NJ
74,9,VA
74,9,NJ
74,9,PA
74,9,MD
74,9,VA
74,9,MD
74,9,MD
74,9,NJ
74,9,MD
74,9,NJ
74,9,NY
74,9,VA
74,9,NY
74,9,GA
74,9,NJ
74,9,NJ
74,9,NJ
74,9,NY
74,9,NY
74,9,NJ
74,9,MD
74,9,NY
74,9,NY
74,9,NY
74,9,NJ
74,9,NJ
74,9,NY
74,9,NJ
74,9,MA
74,9,VA
74,9,NY
74,9,MD
74,9,PA
74,9,NH
74,9,PA
74,9,PA
74,9,PA
74,9,NY
74,9,NY
74,9,MD
74,9,U 
74,9,U 
74,9,CT
74,9,NJ
74,9,NJ
74,9,DC
74,9,NY
74,9,NJ
74,9,NY
74,9,NJ
74,9,NJ
74,9,NJ
74,9,MD
74,9,VA
74,9,NY
74,9,SC
74,9,NJ
74,9,PA
74,9,NJ
74,9,MA
74,9,NY
74,9,NY
74,9,NJ
74,9,FL
74,9,MD
74,9,PA
74,9,NY
74,9,GA
74,9,NJ
74,9,MD
74,9,PA
74,9,NJ
74,9,NJ
74,9,NY
74,9,MD
74,9,NJ
74,9,NY
74,9,NY
74,9,NJ
74,9,CT
74,9,DE
74,9,VA
74,9,NJ
74,9,NJ
74,9,NC
74,9,MA
74,9,NJ
74,9,NJ
74,9,NJ
74,9,NJ
74,9,NJ
74,9,NJ
74,9,NJ
74,9,NJ
74,9,NJ
74,9,NJ
74,9,VA
74,9,NY
74,9,NY
74,9,NY
74,9,MD
74,9,NJ
74,9,NJ
74,9,VA
74,9,MD
74,9,NJ
74,9,NJ
74,9,NY
74,9,NJ
74,9,MD
74,9,NJ
74,9,NJ
74,9,NY
74,9,NJ
74,9,NJ
74,9,NY
74,9,CT
74,9,NY
74,9,NC
74,9,NY
74,9,NY
74,9,NJ
74,9,MD
74,9,NY
74,9,NJ
74,9,NJ
74,9,NJ
74,9,NJ
74,9,NJ
74,9,PA
74,9,PA
74,9,NY
74,9,NJ
74,9,NY
74,9,GA
74,9,NJ
74,9,MA
74,9,NJ
74,9,PA
74,9,VA
74,9,NY
74,9,VA
74,9,NJ
74,9,NY
74,9,VA
74,9,NJ
74,9,PA
74,9,NY
74,9,NJ
74,9,VA
74,9,VA
74,9,DE
74,9,MD
74,9,VA
74,9,CT
74,9,NJ
74,9,NY
74,9,CT
74,9,PA
74,9,VA
74,9,NJ
74,9,NY
74,9,NJ
74,9,NY
74,9,NY
74,9,NJ
74,9,PA
74,9,NJ
74,9,NJ
74,9,NY
74,9,NY
74,9,MD
74,9,MD
74,9,NJ
74,9,MD
74,9,PA
74,9,NJ
74,9,NJ
74,9,NJ
74,9,NJ
74,9,NJ
74,9,NJ
74,9,PA
74,9,NJ
74,9,NJ
74,9,VA
74,9,NY
74,9,NJ
74,9,FL
74,9,NJ
74,9,NJ
74,9,NJ
74,9,NJ
74,9,MD
74,9,MD
74,9,PA
74,9,TN
74,9,NJ
74,9,MD
74,9,NY
74,9,MD
74,9,NY
74,9,VA
74,9,CT
74,9,NY
74,9,NY
74,9,NY
74,9,PA
74,9,NJ
74,9,VA
74,9,MA
74,9,NJ
74,9,NY
74,9,NY
74,9,MD
74,9,MD
74,9,NJ
74,9,PA
74,9,NJ
74,9,NJ
74,9,NY
74,9,NJ
74,9,NJ
74,9,PA
74,9,NJ
74,9,NJ
74,9,MA
74,9,NY
74,9,NJ
74,9,NJ
74,9,NJ
74,9,MA
74,9,CT
74,9,NJ
74,9,NJ
74,9,NY
74,9,NJ
74,9,MD
74,9,PA
74,9,U 
74,9,DE
74,9,NJ
74,9,MD
74,9,MA
74,9,NJ
74,9,NJ
74,9,FL
74,9,PA
74,9,NJ
74,9,NY
74,9,CT
74,9,NY
74,9,NJ
74,9,PA
74,9,PA
74,9,NY
74,9,NJ
74,9,NJ
74,9,NJ
74,9,NJ
74,9,NY
74,9,VA
74,9,NJ
74,9,NJ
74,9,NY
74,9,NJ
74,9,GA
74,9,NJ
74,9,NJ
74,9,NC
74,9,PA
74,9,NY
74,9,NC
74,9,MD
74,9,FL
74,9,VA
74,9,PA
74,9,NJ
74,9,NJ
74,9,NJ
74,9,PA
74,9,NJ
74,9,DC
74,9,NJ
74,9,NY
74,9,NJ
74,9,PA
74,9,NJ
74,9,NJ
74,9,FL
74,9,NJ
74,9,DE
74,9,VA
74,9,PA
74,9,NJ
74,9,NJ
74,9,NJ
74,9,DE
74,9,NJ
74,9,NJ
74,9,MD
74,9,MD
74,9,NJ
74,9,PA
74,9,MD
74,9,NY
74,9,NJ
74,9,NY
74,9,CT
74,9,NC
74,9,MD
74,9,MD
74,9,NY
74,9,NJ
74,9,CT
74,9,NC
74,9,VA
74,9,PA
74,9,RI
74,9,NC
74,9,NY
74,9,CT
74,9,NJ
74,9,VA
74,9,NY
74,9,NJ
74,9,NJ
74,9,DE
74,9,NC
74,9,NJ
74,9,NJ
74,9,MD
74,9,NJ
74,9,NY
74,9,NJ
74,9,NJ
74,9,NJ
74,9,PA
74,9,NJ
74,9,NJ
74,9,NY
74,9,NC
74,9,FL
74,9,SC
74,9,FL
74,9,MD
74,9,PA
74,9,NY
74,9,VA
74,9,CT
74,9,PA
74,9,FL
74,9,NY
74,9,NJ
74,9,PA
74,9,NJ
74,9,NJ
74,9,PA
74,9,NJ
74,9,NY
74,9,VA
74,9,NY
74,9,MA
74,9,MD
74,9,VA
74,9,NJ
74,9,MD
74,9,NJ
74,9,DE
74,9,NJ
74,9,MD
74,9,MD
74,9,VA
74,9,DE
74,9,MD
74,9,NJ
74,9,MA
74,9,VA
74,9,NJ
74,9,VA
74,9,PA
74,9,NC
74,9,PA
74,9,PA
74,9,NJ
74,9,NY
74,9,NJ
74,9,NY
74,9,NJ
74,9,VT
74,9,NJ
74,9,MA
74,9,DE
74,9,MD
74,9,FL
74,9,DE
74,9,MD
74,9,NJ
74,9,VA
74,9,VA
74,9,CT
74,9,MD
74,9,VA
74,9,NJ
74,9,U 
74,9,FL
74,9,PA
74,9,NY
74,9,CO
74,9,CT
74,9,NJ
74,9,NJ
74,9,NJ
74,9,NJ
74,9,MD
74,9,NY
74,9,MD
74,9,MD
74,9,NJ
74,9,NJ
74,9,MD
74,9,NJ
74,9,PA
74,9,NJ
74,9,NJ
74,9,NY
74,9,NJ
74,9,PA
74,9,NY
74,9,NJ
74,9,DE
74,9,NJ
74,9,NJ
74,9,NJ
74,9,NJ
74,9,NJ
74,9,NJ
74,9,NJ
74,9,DE
74,9,MD
74,9,NY
74,9,NY
74,9,NJ
74,9,NJ
74,9,NJ
74,9,NJ
74,9,MD
74,9,NJ
74,9,MA
74,9,NY
74,9,NC
74,9,NJ
74,9,NJ
74,9,NJ
74,9,VA
74,9,NJ
74,9,NY
74,9,MD
74,9,NC
74,9,MD
74,9,NY
74,9,MD
74,9,NJ
74,9,MD
74,9,PA
74,9,NJ
74,9,NY
74,9,NY
74,9,NJ
74,9,NJ
74,9,MD
74,9,NY
74,9,NJ
74,9,NJ
74,9,NJ
74,9,PA
74,9,PA
74,9,NJ
74,9,NJ
74,9,CN
74,9,RI
74,9,NJ
74,9,NJ
74,9,CT
74,9,MD
74,9,NJ
74,9,NJ
74,9,NJ
74,9,VA
74,9,NJ
74,9,MD
74,9,MD
74,9,MD
74,9,VA
74,9,PA
74,9,FL
74,9,NJ
74,9,NY
74,9,PA
74,9,SC
74,9,MD
74,9,NJ
74,9,FL
74,9,MA
74,9,NY
74,9,NJ
74,9,VA
74,9,NE
74,9,GA
74,9,FL
74,9,NJ
74,9,NJ
74,9,LA
74,9,NJ
74,9,NY
74,9,VA
74,9,NY
74,9,FL
74,9,MA
74,9,DC
74,9,NY
74,9,NY
74,9,NY
74,9,NY
74,9,NY
74,9,CT
74,9,NJ
74,9,PA
74,9,NY
74,9,VA
74,9,CT
74,9,PA
74,9,NJ
74,9,NY
74,9,NY
74,9,MD
74,9,MD
74,9,NJ
74,9,VA
74,9,MD
74,9,MA
74,9,MD
74,9,MD
74,9,VA
74,9,CT
74,9,VA
74,9,NJ
74,9,CT
74,9,NJ
74,9,NY
74,9,MD
74,9,MD
74,9,NY
74,9,DC
74,9,VA
74,9,CT
74,9,VA
74,9,FL
74,9,NJ
74,9,NJ
74,9,NY
74,9,CA
74,9,TX
74,9,NJ
74,9,MD
74,9,CT
74,9,NY
74,9,NY
74,9,MD
74,9,NJ
74,9,NJ
74,9,NY
74,9,FL
74,9,NY
74,9,NY
74,9,NY
74,9,PA
74,9,RI
74,9,NJ
74,9,NJ
74,9,GM
74,9,NJ
74,9,DE
74,9,PA
74,9,NY
74,9,NJ
74,9,DE
74,9,MD
74,9,NJ
74,9,CT
74,9,NY
74,9,NJ
74,9,NJ
74,9,NJ
74,9,NY
74,9,NY
74,9,NY
74,9,VA
74,9,NY
74,9,NJ
74,9,CT
74,9,DE
74,9,DE
74,9,NC
74,9,NJ
74,9,NJ
74,9,MA
74,9,NY
74,9,NJ
74,9,NY
74,9,DE
74,9,NJ
74,9,NJ
74,9,PA
74,9,FL
74,9,ME
74,9,NJ
74,9,CT
74,9,CT
74,9,PA
74,9,MI
74,9,NY
74,9,NJ
74,9,MD
74,9,PA
74,9,VA
74,9,GA
74,9,NJ
74,9,NJ
74,9,NJ
74,9,CT
74,9,NY
74,9,MD
74,9,NJ
74,9,PA
74,9,MA
74,9,FL
74,9,NY
74,9,NY
74,9,NY
74,9,MD
74,9,MA
74,9,PA
74,9,NJ
74,9,VA
74,9,RI
74,9,NY
74,9,PA
74,9,NC
74,9,DC
74,9,MD
74,9,DE
75,10,MD
75,10,PA
75,10,NJ
75,10,VA
75,10,U 
75,10,NY
75,10,NJ
75,10,NY
75,10,CT
75,10,NJ
75,10,NY
75,10,NY
75,10,FL
75,10,NY
75,10,NY
75,10,MD
75,10,PA
75,10,MD
75,10,CT
75,10,VA
75,10,VT
75,10,NJ
75,10,NY
75,10,MD
75,10,NY
75,10,NJ
75,10,U 
75,10,NJ
75,10,VA
75,10,NJ
75,10,VA
75,10,NJ
75,10,NJ
75,10,U 
75,10,NJ
75,10,PA
75,10,FL
75,10,NJ
75,10,PA
75,10,VA
75,10,MD
75,10,MD
75,10,NJ
75,10,PA
75,10,MD
75,10,NJ
75,10,NJ
75,10,VA
75,10,MD
75,10,GA
75,10,SC
75,10,MD
75,10,NY
75,10,NJ
75,10,NJ
75,10,NY
75,10,NJ
75,10,NC
75,10,CT
75,10,NC
75,10,GA
75,10,MD
75,10,NY
75,10,FL
75,10,U 
75,10,NY
75,10,VA
75,10,NH
75,10,NJ
75,10,MD
75,10,MD
75,10,VA
75,10,NY
75,10,PA
75,10,NJ
75,10,VA
75,10,VA
75,10,NJ
75,10,PA
75,10,VA
75,10,U 
75,10,DC
75,10,VA
75,10,CT
75,10,NJ
75,10,PA
75,10,PA
75,10,NJ
75,10,NC
75,10,U 
75,10,CT
75,10,FL
75,10,U 
75,10,NJ
75,10,PA
75,10,NJ
75,10,NJ
75,10,PA
75,10,MD
75,10,VA
75,10,NC
75,10,NJ
75,10,NY
75,10,VA
75,10,NY
75,10,U 
75,10,NJ
75,10,PA
75,10,PA
75,10,MA
75,10,NJ
75,10,CN
75,10,PA
75,10,NJ
75,10,NJ
75,10,NJ
75,10,MI
75,10,CT
75,10,NY
75,10,VA
75,10,VA
75,10,MA
75,10,MD
75,10,VA
75,10,MA
75,10,VA
75,10,FL
75,10,DE
75,10,NY
75,10,VA
75,10,NY
75,10,NY
75,10,NJ
75,10,NY
75,10,FL
75,10,NY
75,10,NJ
75,10,NJ
75,10,NJ
75,10,NY
75,10,VA
75,10,FL
75,10,CT
75,10,NJ
75,10,VA
75,10,NY
75,10,NJ
75,10,NJ
75,10,NJ
75,10,NJ
75,10,DE
75,10,NY
75,10,NJ
75,10,PA
75,10,PA
75,10,NJ
75,10,NJ
75,10,NJ
75,10,NJ
75,10,NY
75,10,NJ
75,10,NJ
75,10,NY
75,10,NJ
75,10,NY
75,10,NY
75,10,MD
75,10,PA
75,10,NJ
75,10,NJ
75,10,NJ
75,10,NJ
75,10,PA
75,10,IN
75,10,MD
75,10,NJ
75,10,NC
75,10,MD
75,10,CT
75,10,MD
75,10,NY
75,10,NY
75,10,NC
75,10,MD
75,10,NY
75,10,NJ
75,10,NJ
75,10,VA
75,10,NC
75,10,NJ
75,10,GA
75,10,DE
75,10,PA
75,10,MD
75,10,NJ
75,10,NJ
75,10,NY
75,10,GA
75,10,NJ
75,10,NY
75,10,NJ
75,10,PA
75,10,DE
75,10,MD
75,10,NJ
75,10,NJ
75,10,NY
75,10,CT
75,10,NJ
75,10,NJ
75,10,NJ
75,10,VA
75,10,NJ
75,10,PA
75,10,NJ
75,10,NJ
75,10,PA
75,10,NJ
75,10,NJ
75,10,NJ
75,10,NJ
75,10,PA
75,10,NJ
75,10,U 
75,10,NJ
75,10,SC
75,10,NJ
75,10,NY
75,10,NJ
75,10,NY
75,10,NJ
75,10,NJ
75,10,NJ
75,10,NJ
75,10,NJ
75,10,NJ
75,10,NJ
75,10,NY
75,10,NJ
75,10,MD
75,10,MA
75,10,NY
75,10,DC
75,10,NJ
75,10,NJ
75,10,NJ
75,10,PA
75,10,NJ
75,10,NY
75,10,NY
75,10,NY
75,10,FL
75,10,NJ
75,10,DE
75,10,MD
75,10,DE
75,10,VA
75,10,NJ
75,10,NJ
75,10,MD
75,10,NY
75,10,NJ
75,10,VA
75,10,NJ
75,10,PA
75,10,NJ
75,10,NY
75,10,NJ
75,10,MD
75,10,NJ
75,10,CA
75,10,CT
75,10,FL
75,10,MD
75,10,NJ
75,10,NY
75,10,NJ
75,10,NJ
75,10,NJ
75,10,NY
75,10,NJ
75,10,NJ
75,10,NJ
75,10,NJ
75,10,PA
75,10,VA
75,10,NJ
75,10,PA
75,10,RI
75,10,MD
75,10,NY
75,10,MD
75,10,NY
75,10,NY
75,10,NY
75,10,NY
75,10,VA
75,10,MA
75,10,DC
75,10,NC
75,10,MD
75,10,NY
75,10,NJ
75,10,NJ
75,10,DE
75,10,NC
75,10,NJ
75,10,NJ
75,10,VT
75,10,NC
75,10,MD
75,10,VA
75,10,VA
75,10,NJ
75,10,MA
75,10,NJ
75,10,NY
75,10,NJ
75,10,MA
75,10,MD
75,10,NJ
75,10,MD
75,10,MD
75,10,VA
75,10,MD
75,10,NY
75,10,DE
75,10,NJ
75,10,NY
75,10,CT
75,10,MA
75,10,NJ
75,10,NY
75,10,DE
75,10,NJ
75,10,NJ
75,10,MD
75,10,NY
75,10,NJ
75,10,NY
75,10,NJ
75,10,NJ
75,10,FL
75,10,MA
75,10,NJ
75,10,NJ
75,10,NJ
75,10,NY
75,10,NY
75,10,NJ
75,10,NJ
75,10,NJ
75,10,NJ
75,10,MD
75,10,NJ
75,10,CT
75,10,NJ
75,10,NJ
75,10,NJ
75,10,NY
75,10,NJ
75,10,DC
75,10,NJ
75,10,MD
75,10,NJ
75,10,NY
75,10,NJ
75,10,PA
75,10,SC
75,10,PA
75,10,PA
75,10,NY
75,10,MA
75,10,MA
75,10,FL
75,10,VT
75,10,MD
75,10,NY
75,10,NJ
75,10,MA
75,10,NJ
75,10,NJ
75,10,VA
75,10,MD
75,10,NJ
75,10,DE
75,10,GA
75,10,NJ
75,10,NJ
75,10,VA
75,10,DE
75,10,NY
75,10,PA
75,10,DE
75,10,NJ
75,10,NY
75,10,DE
75,10,MD
75,10,NJ
75,10,SC
75,10,MD
75,10,NJ
75,10,NJ
75,10,NJ
75,10,NY
75,10,NJ
75,10,MD
75,10,NJ
75,10,NJ
75,10,DE
75,10,MD
75,10,NY
75,10,NJ
75,10,FL
75,10,NJ
75,10,GA
75,10,NC
75,10,NJ
75,10,NY
75,10,VA
75,10,NY
75,10,VA
75,10,DE
75,10,VA
75,10,NJ
75,10,MA
75,10,NJ
75,10,NY
75,10,NY
75,10,SC
75,10,MD
75,10,NJ
75,10,VA
75,10,NJ
75,10,MD
75,10,NJ
75,10,MA
75,10,NY
75,10,MD
75,10,MD
75,10,VA
75,10,NJ
75,10,MD
75,10,MD
75,10,MD
75,10,PA
75,10,NY
75,10,NJ
75,10,NJ
75,10,NJ
75,10,NY
75,10,NJ
75,10,NJ
75,10,NY
75,10,SC
75,10,NJ
75,10,NC
75,10,NY
75,10,NC
75,10,NJ
75,10,MA
75,10,NJ
75,10,PA
75,10,PA
75,10,NJ
75,10,NJ
75,10,NY
75,10,SC
75,10,NY
75,10,DE
75,10,NJ
75,10,MD
75,10,FL
75,10,MD
75,10,NY
75,10,PA
75,10,NJ
75,10,MD
75,10,MD
75,10,PA
75,10,NY
75,10,NJ
75,10,NJ
75,10,NJ
75,10,DE
75,10,NY
75,10,NY
75,10,PA
75,10,NC
75,10,NJ
75,10,NY
75,10,NJ
75,10,NY
75,10,NY
75,10,NJ
75,10,NY
75,10,NY
75,10,NY
75,10,VA
75,10,VA
75,10,NC
75,10,NJ
75,10,MD
75,10,PA
75,10,MD
75,10,NY
75,10,VA
75,10,VA
75,10,WV
75,10,NJ
75,10,VA
75,10,NJ
75,10,VA
75,10,PA
75,10,NJ
75,10,NY
75,10,VA
75,10,NY
75,10,VA
75,10,VA
75,10,NJ
75,10,PA
75,10,NJ
75,10,MA
75,10,NY
75,10,IN
75,10,MD
75,10,VA
75,10,MD
75,10,NJ
75,10,MD
75,10,NJ
75,10,NJ
75,10,MD
75,10,NJ
75,10,FL
75,10,NJ
75,10,NJ
75,10,MA
75,10,MD
75,10,PA
75,10,NY
75,10,NY
75,10,DE
75,10,NJ
75,10,NY
75,10,FL
75,10,VA
75,10,PA
75,10,MD
75,10,NY
75,10,U 
75,10,CN
75,10,PA
75,10,NY
75,10,PA
75,10,MD
75,10,PA
75,10,NJ
75,10,MA
75,10,MD
75,10,NY
75,10,VA
75,10,VA
75,10,VA
75,10,DE
75,10,MD
75,10,NJ
75,10,NY
75,10,VA
75,10,MD
75,10,VA
75,10,NJ
75,10,FL
75,10,MD
75,10,DE
75,10,DE
75,10,NJ
75,10,NJ
75,10,NJ
75,10,NY
75,10,NY
75,10,MA
75,10,DE
75,10,VA
75,10,NY
75,10,NJ
75,10,PA
75,10,NY
75,10,CT
75,10,NJ
75,10,FL
75,10,NJ
75,10,NJ
75,10,DE
75,10,NJ
75,10,NJ
75,10,DE
75,10,NC
75,10,NJ
75,10,NJ
75,10,PA
75,10,PA
75,10,PA
75,10,NJ
75,10,NJ
75,10,NJ
75,10,DE
75,10,NY
75,10,VA
75,10,NJ
75,10,PA
75,10,NJ
75,10,NY
75,10,NJ
75,10,NJ
75,10,NY
75,10,NY
75,10,FL
75,10,FL
75,10,NY
75,10,NJ
75,10,VA
75,10,NY
75,10,VA
75,10,CT
75,10,VA
75,10,PA
75,10,NY
75,10,NJ
75,10,NJ
75,10,NJ
75,10,PA
75,10,NY
75,10,PA
75,10,MD
75,10,NJ
75,10,NJ
75,10,NJ
75,10,NJ
75,10,NJ
75,10,VA
75,10,NY
75,10,NJ
75,10,MD
75,10,NY
75,10,DE
75,10,FL
75,10,DE
75,10,NJ
75,10,NJ
75,10,MD
75,10,VA
75,10,MA
75,10,MA
75,10,PA
75,10,VA
75,10,NJ
75,10,CN
75,10,NY
75,10,MA
75,10,MA
75,10,CT
75,10,NJ
75,10,NY
75,10,NH
75,10,CN
75,10,NJ
75,10,MD
75,10,NJ
75,10,VA
75,10,MD
75,10,NY
75,10,NY
75,10,NH
75,10,ME
75,10,NJ
75,10,MA
75,10,CT
75,10,VA
75,10,NY
75,10,VA
75,10,NJ
75,10,VA
76,11,MA
76,11,U 
76,11,U 
76,11,PA
76,11,NJ
76,11,NJ
76,11,NY
76,11,NY
76,11,NY
76,11,MD
76,11,NC
76,11,NY
76,11,NJ
76,11,VA
76,11,U 
76,11,U 
76,11,NJ
76,11,DE
76,11,NJ
76,11,CT
76,11,U 
76,11,U 
76,11,MD
76,11,NJ
76,11,DC
76,11,NJ
76,11,MD
76,11,NJ
76,11,NJ
76,11,PA
76,11,NJ
76,11,NJ
76,11,NJ
76,11,NJ
76,11,KT
76,11,PA
76,11,NY
76,11,MD
76,11,NY
76,11,MD
76,11,DC
76,11,NJ
76,11,NJ
76,11,MD
76,11,MD
76,11,MD
76,11,VA
76,11,NJ
76,11,SC
76,11,NY
76,11,NY
76,11,NJ
76,11,MD
76,11,NJ
76,11,NY
76,11,NY
76,11,NY
76,11,CT
76,11,NJ
76,11,MD
76,11,NY
76,11,NY
76,11,NY
76,11,NY
76,11,NY
76,11,NJ
76,11,NY
76,11,MD
76,11,NJ
76,11,MD
76,11,NY
76,11,PA
76,11,DE
76,11,VA
76,11,CN
76,11,VA
76,11,MD
76,11,U 
76,11,NJ
76,11,NY
76,11,DE
76,11,NJ
76,11,NY
76,11,NJ
76,11,NJ
76,11,MD
76,11,VA
76,11,NJ
76,11,PA
76,11,MD
76,11,CT
76,11,NY
76,11,NY
76,11,VA
76,11,PA
76,11,NJ
76,11,DE
76,11,VA
76,11,NY
76,11,DE
76,11,PA
76,11,NY
76,11,FL
76,11,MD
76,11,MD
76,11,VA
76,11,NJ
76,11,MI
76,11,MD
76,11,DE
76,11,NJ
76,11,PA
76,11,CT
76,11,VA
76,11,NJ
76,11,MD
76,11,NY
76,11,NJ
76,11,NY
76,11,NJ
76,11,PA
76,11,CT
76,11,NJ
76,11,VA
76,11,PA
76,11,NJ
76,11,NJ
76,11,NJ
76,11,CT
76,11,NJ
76,11,NJ
76,11,NJ
76,11,PA
76,11,NC
76,11,VA
76,11,PA
76,11,PA
76,11,PA
76,11,NY
76,11,NY
76,11,NY
76,11,NY
76,11,NJ
76,11,NJ
76,11,AZ
76,11,NY
76,11,NJ
76,11,VA
76,11,MA
76,11,NY
76,11,NY
76,11,FL
76,11,VA
76,11,DE
76,11,NJ
76,11,MD
76,11,NJ
76,11,VA
76,11,MD
76,11,VA
76,11,NJ
76,11,U 
76,11,NJ
76,11,MD
76,11,NJ
76,11,NJ
76,11,NY
76,11,DC
76,11,FL
76,11,GA
76,11,NY
76,11,NJ
76,11,NY
76,11,NJ
76,11,U 
76,11,MD
76,11,NJ
76,11,ME
76,11,NY
76,11,GA
76,11,NY
76,11,NJ
76,11,U 
76,11,PA
76,11,NJ
76,11,NJ
76,11,NJ
76,11,NY
76,11,VA
76,11,NJ
76,11,NJ
76,11,NY
76,11,NJ
76,11,PA
76,11,VA
76,11,NJ
76,11,NJ
76,11,NJ
76,11,NJ
76,11,NJ
76,11,NJ
76,11,NY
76,11,NY
76,11,NJ
76,11,MD
76,11,NJ
76,11,NJ
76,11,SC
76,11,NJ
76,11,MD
76,11,NJ
76,11,NJ
76,11,FL
76,11,PA
76,11,MA
76,11,PA
76,11,NY
76,11,PA
76,11,NY
76,11,NV
76,11,U 
76,11,NY
76,11,NJ
76,11,VA
76,11,NJ
76,11,NJ
76,11,PA
76,11,PA
76,11,PA
76,11,PA
76,11,NY
76,11,NJ
76,11,MA
76,11,NJ
76,11,NJ
76,11,NJ
76,11,NJ
76,11,NC
76,11,FL
76,11,NJ
76,11,VA
76,11,NJ
76,11,NJ
76,11,NY
76,11,PA
76,11,MD
76,11,NC
76,11,NY
76,11,NJ
76,11,NY
76,11,U 
76,11,FL
76,11,NJ
76,11,MD
76,11,NJ
76,11,NC
76,11,NJ
76,11,VA
76,11,VA
76,11,U 
76,11,CN
76,11,NJ
76,11,NY
76,11,NJ
76,11,PA
76,11,MD
76,11,NY
76,11,MD
76,11,NJ
76,11,NJ
76,11,CT
76,11,NJ
76,11,MD
76,11,NJ
76,11,PA
76,11,NJ
76,11,NJ
76,11,NJ
76,11,PA
76,11,NJ
76,11,NY
76,11,MD
76,11,NJ
76,11,VA
76,11,MI
76,11,NJ
76,11,NJ
76,11,NC
76,11,DC
76,11,CT
76,11,NJ
76,11,FL
76,11,PA
76,11,VA
76,11,MI
76,11,NJ
76,11,NJ
76,11,PA
76,11,NJ
76,11,NY
76,11,PA
76,11,NY
76,11,NJ
76,11,NJ
76,11,PA
76,11,NJ
76,11,NJ
76,11,NJ
76,11,NJ
76,11,NJ
76,11,PA
76,11,AL
76,11,NY
76,11,NJ
76,11,NJ
76,11,VA
76,11,NJ
76,11,VA
76,11,NY
76,11,NY
76,11,FL
76,11,PA
76,11,NY
76,11,MA
76,11,NJ
76,11,NY
76,11,DE
76,11,VT
76,11,NY
76,11,NJ
76,11,NJ
76,11,SC
76,11,MD
76,11,NJ
76,11,NJ
76,11,NJ
76,11,NJ
76,11,VA
76,11,NJ
76,11,NJ
76,11,NJ
76,11,NJ
76,11,MD
76,11,PA
76,11,PA
76,11,GA
76,11,NY
76,11,MD
76,11,NJ
76,11,PA
76,11,NJ
76,11,NJ
76,11,DE
76,11,MD
76,11,VA
76,11,NJ
76,11,CT
76,11,VA
76,11,NJ
76,11,NJ
76,11,VA
76,11,PA
76,11,NY
76,11,NJ
76,11,NJ
76,11,NJ
76,11,PA
76,11,NJ
76,11,NY
76,11,NJ
76,11,MA
76,11,PA
76,11,NJ
76,11,MD
76,11,MD
76,11,NJ
76,11,NY
76,11,NJ
76,11,MD
76,11,VA
76,11,DE
76,11,NY
76,11,NC
76,11,NY
76,11,NY
76,11,FL
76,11,NY
76,11,MD
76,11,MD
76,11,MD
76,11,MD
76,11,MD
76,11,NJ
76,11,VA
76,11,NY
76,11,NY
76,11,CT
76,11,NJ
76,11,NJ
76,11,NY
76,11,NY
76,11,DE
76,11,NJ
76,11,MD
76,11,VA
76,11,MD
76,11,CT
76,11,VA
76,11,NJ
76,11,MD
76,11,PA
76,11,NJ
76,11,PA
76,11,NY
76,11,MD
76,11,NY
76,11,NJ
76,11,NJ
76,11,NY
76,11,NC
76,11,NY
76,11,MD
76,11,MA
76,11,MA
76,11,NJ
76,11,NJ
76,11,NY
76,11,CT
76,11,NJ
76,11,MD
76,11,MD
76,11,NY
76,11,NJ
76,11,MA
76,11,VA
76,11,NJ
76,11,NY
76,11,NJ
76,11,CT
76,11,NY
76,11,NJ
76,11,PA
76,11,MD
76,11,NY
76,11,NJ
76,11,NJ
76,11,MD
76,11,MD
76,11,VA
76,11,DC
76,11,NY
76,11,NJ
76,11,NY
76,11,VA
76,11,PA
76,11,NJ
76,11,OH
76,11,U 
76,11,NJ
76,11,CA
76,11,MD
76,11,VA
76,11,NJ
76,11,NY
76,11,RI
76,11,NJ
76,11,NJ
76,11,NJ
76,11,DE
76,11,NJ
76,11,NY
76,11,MA
76,11,MD
76,11,DE
76,11,NJ
76,11,MA
76,11,NJ
76,11,NJ
76,11,NJ
76,11,NJ
76,11,NJ
76,11,NJ
76,11,NJ
76,11,NJ
76,11,NJ
76,11,NC
76,11,NJ
76,11,NJ
76,11,NJ
76,11,FL
76,11,VA
76,11,MD
76,11,NJ
76,11,NJ
76,11,NJ
76,11,NJ
76,11,CT
76,11,MD
76,11,MD
76,11,MD
76,11,MA
76,11,NJ
76,11,PA
76,11,NJ
76,11,NY
76,11,NJ
76,11,NJ
76,11,NJ
76,11,NJ
76,11,CT
76,11,NJ
76,11,NJ
76,11,NJ
76,11,FL
76,11,ND
76,11,RI
76,11,MD
76,11,MD
76,11,MD
76,11,FL
76,11,NJ
76,11,MD
76,11,NY
76,11,MD
76,11,NJ
76,11,VA
76,11,PA
76,11,NY
76,11,DE
76,11,MA
76,11,PA
76,11,PA
76,11,SC
76,11,NJ
76,11,NY
76,11,PA
76,11,CT
76,11,VA
76,11,CT
76,11,NJ
76,11,VA
76,11,NJ
76,11,MA
76,11,NJ
76,11,MD
76,11,DE
76,11,MD
76,11,NJ
76,11,NY
76,11,CT
76,11,NY
76,11,DE
76,11,FL
76,11,MD
72,12,NY
72,12,MA
72,12,NJ
77,12,DE
77,12,NJ
77,12,DE
77,12,VA
77,12,NJ
77,12,U 
77,12,U 
77,12,U 
77,12,NJ
77,12,NY
77,12,NY
77,12,VA
77,12,MD
77,12,NY
77,12,NJ
77,12,CT
77,12,CT
77,12,PA
77,12,DE
77,12,CT
77,12,NY
77,12,U 
77,12,NJ
77,12,CT
77,12,PA
77,12,NJ
77,12,NJ
77,12,NJ
77,12,MD
77,12,NY
77,12,U 
77,12,CA
77,12,NY
77,12,MD
77,12,VA
77,12,VA
77,12,CT
77,12,CT
77,12,NJ
77,12,NJ
77,12,CT
77,12,MA
77,12,NY
77,12,NY
77,12,NY
77,12,NJ
77,12,SC
77,12,NY
77,12,NJ
77,12,DE
77,12,NY
77,12,VA
77,12,MD
77,12,NJ
77,12,NJ
77,12,VA
77,12,MD
77,12,VA
77,12,U 
77,12,VA
77,12,GA
77,12,U 
77,12,U 
77,12,VT
77,12,NJ
77,12,NY
77,12,MA
77,12,NY
77,12,NJ
77,12,U 
77,12,NJ
77,12,PA
77,12,DE
77,12,MA
77,12,CT
77,12,NJ
77,12,PA
77,12,NY
77,12,NJ
77,12,MD
77,12,NY
77,12,NJ
77,12,MD
77,12,VA
77,12,MD
77,12,NC
77,12,NJ
77,12,MD
77,12,MA
77,12,FL
77,12,CT
77,12,NJ
77,12,NY
77,12,NJ
77,12,NJ
77,12,NJ
77,12,PA
77,12,NJ
77,12,CT
77,12,PA
77,12,NY
77,12,NY
77,12,NJ
77,12,NY
77,12,NH
77,12,PA
77,12,NJ
77,12,IL
77,12,MD
77,12,NJ
77,12,CT
77,12,NJ
77,12,NY
77,12,NJ
77,12,U 
77,12,U 
77,12,NJ
77,12,DE
77,12,FL
77,12,NJ
77,12,NC
77,12,NJ
77,12,SC
77,12,NJ
77,12,NY
77,12,NJ
77,12,NJ
77,12,NY
77,12,NJ
77,12,NJ
77,12,NY
77,12,NJ
77,12,NJ
77,12,NJ
77,12,PA
77,12,NY
77,12,NJ
77,12,NJ
77,12,NY
77,12,NY
77,12,NJ
77,12,PA
77,12,MD
77,12,NY
77,12,NJ
77,12,NJ
77,12,NJ
77,12,FL
77,12,MD
77,12,NJ
77,12,MD
77,12,NJ
77,12,NY
77,12,NJ
77,12,NY
77,12,NY
77,12,NJ
77,12,PA
77,12,NJ
77,12,MD
77,12,NJ
77,12,NJ
77,12,NJ
77,12,CN
77,12,PA
77,12,NJ
77,12,VA
77,12,NJ
77,12,MD
77,12,MA
77,12,DE
77,12,NC
77,12,NJ
77,12,VA
77,12,NJ
77,12,NJ
77,12,NJ
77,12,PA
77,12,NJ
77,12,NJ
77,12,NJ
77,12,NJ
77,12,NJ
77,12,PA
77,12,NJ
77,12,FL
77,12,NJ
77,12,FL
77,12,CA
77,12,NY
77,12,NJ
77,12,MA
77,12,MD
77,12,VA
77,12,PA
77,12,VA
77,12,NY
77,12,MD
77,12,MD
77,12,PA
77,12,NJ
77,12,NJ
77,12,NY
77,12,NJ
77,12,FL
77,12,NJ
77,12,DE
77,12,DE
77,12,SC
77,12,NJ
77,12,MD
77,12,VA
77,12,FL
77,12,VA
77,12,NY
77,12,NJ
77,12,VA
77,12,PA
77,12,NJ
77,12,PA
77,12,PA
77,12,PA
77,12,NJ
77,12,NJ
77,12,NJ
77,12,U 
77,12,NJ
77,12,PA
77,12,NJ
77,12,DE
77,12,NJ
77,12,NY
77,12,NY
77,12,NJ
77,12,NY
77,12,PA
77,12,MD
77,12,MA
77,12,NJ
77,12,NY
77,12,NY
77,12,NJ
77,12,NY
77,12,NJ
77,12,PA
77,12,NY
77,12,MD
77,12,NJ
77,12,NY
77,12,DE
77,12,MD
77,12,MD
77,12,NJ
77,12,NJ
77,12,DE
77,12,MD
77,12,NJ
77,12,NJ
77,12,VA
77,12,MD
77,12,MD
77,12,MI
77,12,NC
77,12,NC
77,12,MD
77,12,SC
77,12,NY
77,12,PA
77,12,NJ
77,12,PA
77,12,MD
77,12,NJ
77,12,NJ
77,12,MD
77,12,PA
77,12,VA
77,12,PA
77,12,NJ
77,12,DC
77,12,NY
77,12,NY
77,12,NJ
77,12,MD
77,12,PA
77,12,NJ
77,12,NY
77,12,VA
77,12,VA
77,12,NJ
77,12,NJ
77,12,NJ
77,12,VA
77,12,DE
77,12,NJ
77,12,VT
77,12,NJ
77,12,MD
77,12,NY
77,12,NJ
77,12,MD
77,12,VA
77,12,TX
77,12,PA
77,12,NY
77,12,PA
77,12,SC
77,12,NJ
77,12,NJ
77,12,NJ
77,12,NJ
77,12,PA
77,12,DE
77,12,NJ
77,12,NJ
77,12,NY
77,12,NJ
77,12,NJ
77,12,VA
77,12,NJ
77,12,NC
77,12,SC
77,12,PA
77,12,NJ
77,12,MD
77,12,MD
77,12,NJ
77,12,VA
77,12,NJ
77,12,NJ
77,12,NY
77,12,VA
77,12,MD
77,12,PA
77,12,NJ
77,12,FL
77,12,NJ
77,12,MD
77,12,MD
77,12,NY
77,12,NJ
77,12,TX
77,12,NJ
77,12,NJ
77,12,MD
77,12,PA
77,12,MD
77,12,NY
77,12,VA
77,12,NY
77,12,NJ
77,12,NJ
77,12,WI
77,12,MD
77,12,NJ
77,12,VA
77,12,PA
77,12,NJ
77,12,NY
77,12,NY
77,12,NJ
77,12,MD
77,12,MN
77,12,MD
77,12,VA
77,12,MD
77,12,MD
77,12,NJ
77,12,PA
77,12,CT
77,12,MD
77,12,PA
77,12,NJ
77,12,NY
77,12,PA
77,12,NJ
77,12,MN
77,12,NJ
77,12,FL
77,12,NJ
77,12,NJ
77,12,NY
77,12,MD
77,12,NJ
77,12,NJ
77,12,NJ
77,12,MI
77,12,DC
77,12,NY
77,12,VA
77,12,PA
77,12,DC
77,12,RI
77,12,NJ
77,12,NJ
77,12,NJ
77,12,VA
77,12,NY
77,12,PA
77,12,MD
77,12,MD
77,12,NJ
77,12,VA
77,12,NY
77,12,VA
77,12,NC
77,12,MD
77,12,NJ
77,12,VA
77,12,MD
77,12,GA
77,12,NJ
77,12,NY
77,12,MD
77,12,MD
77,12,SC
77,12,PA
77,12,CT
77,12,DE
77,12,CT
77,12,MD
77,12,CT
77,12,MA
77,12,NJ
77,12,NJ
77,12,DE
77,12,NY
77,12,MD
77,12,DE
77,12,MD
77,12,NJ
77,12,NJ
77,12,NJ
77,12,NJ
77,12,PA
77,12,NJ
77,12,NJ
77,12,NC
77,12,NJ
77,12,NY
77,12,PA
77,12,VA
77,12,VA
77,12,NC
77,12,NJ
77,12,CT
77,12,NJ
77,12,FL
77,12,NJ
77,12,NY
77,12,PA
77,12,CT
77,12,VA
77,12,NJ
77,12,CT
77,12,NJ
77,12,NJ
77,12,VA
77,12,NJ
77,12,NY
77,12,NY
77,12,NJ
77,12,PA
77,12,VA
77,12,NJ
77,12,MD
77,12,NJ
77,12,MD
77,12,DE
77,12,NJ
77,12,NJ
77,12,NJ
77,12,NJ
77,12,CT
77,12,NJ
77,12,NJ
77,12,VA
77,12,NJ
77,12,DE
77,12,NY
77,12,PA
77,12,VA
77,12,NC
77,12,NY
77,12,PA
77,12,PA
77,12,NJ
77,12,MD
77,12,PA
77,12,NJ
77,12,NJ
77,12,NJ
77,12,NJ
77,12,NJ
77,12,PA
77,12,NJ
77,12,NJ
77,12,NJ
77,12,MD
77,12,DE
77,12,FL
77,12,NJ
77,12,NJ
77,12,NJ
77,12,DE
77,12,DE
77,12,NY
77,12,VT
77,12,NJ
77,12,NJ
77,12,CT
77,12,NY
77,12,NY
77,12,MA
77,12,NY
77,12,GA
77,12,TX
77,12,NY
82,12,PA
58,13,MA
73,13,NY
78,13,GA
78,13,PA
78,13,U 
78,13,U 
78,13,U 
78,13,NJ
78,13,U 
78,13,OH
78,13,NY
78,13,PA
78,13,NY
78,13,NY
78,13,NJ
78,13,NJ
78,13,NJ
78,13,CT
78,13,VA
78,13,CT
78,13,NY
78,13,NY
78,13,U 
78,13,PA
78,13,VA
78,13,VA
78,13,U 
78,13,U 
78,13,NJ
78,13,VA
78,13,U 
78,13,NJ
78,13,MD
78,13,NJ
78,13,NJ
78,13,NJ
78,13,VA
78,13,MD
78,13,MD
78,13,NJ
78,13,NY
78,13,NY
78,13,NJ
78,13,FL
78,13,VA
78,13,U 
78,13,VA
78,13,NY
78,13,MD
78,13,MD
78,13,PA
78,13,DE
78,13,U 
78,13,NY
78,13,PA
78,13,NJ
78,13,NJ
78,13,VA
78,13,MD
78,13,CT
78,13,NJ
78,13,VA
78,13,NC
78,13,VA
78,13,NJ
78,13,NJ
78,13,NY
78,13,FL
78,13,MA
78,13,U 
78,13,NY
78,13,IL
78,13,NJ
78,13,PA
78,13,NY
78,13,NY
78,13,MD
78,13,NJ
78,13,NJ
78,13,MD
78,13,VA
78,13,NY
78,13,NJ
78,13,NJ
78,13,NY
78,13,PA
78,13,NJ
78,13,NY
78,13,PA
78,13,CT
78,13,NJ
78,13,RI
78,13,NJ
78,13,NY
78,13,DE
78,13,NJ
78,13,NJ
78,13,CN
78,13,TN
78,13,NY
78,13,NY
78,13,MA
78,13,NY
78,13,NY
78,13,DE
78,13,VA
78,13,U 
78,13,NJ
78,13,NJ
78,13,NY
78,13,NJ
78,13,NY
78,13,NJ
78,13,NJ
78,13,NJ
78,13,NJ
78,13,NY
78,13,NJ
78,13,NY
78,13,MD
78,13,NJ
78,13,NJ
78,13,MA
78,13,NY
78,13,VA
78,13,DE
78,13,NJ
78,13,MD
78,13,NJ
78,13,NY
78,13,NJ
78,13,NJ
78,13,NJ
78,13,NJ
78,13,DE
78,13,DE
78,13,NJ
78,13,NJ
78,13,MA
78,13,NJ
78,13,NJ
78,13,IN
78,13,NY
78,13,NJ
78,13,FL
78,13,VA
78,13,CT
78,13,MD
78,13,NY
78,13,NJ
78,13,NJ
78,13,TX
78,13,IL
78,13,NJ
78,13,NJ
78,13,NJ
78,13,MD
78,13,NJ
78,13,NY
78,13,NY
78,13,NJ
78,13,NY
78,13,NJ
78,13,NC
78,13,NJ
78,13,NJ
78,13,NJ
78,13,U 
78,13,VA
78,13,NJ
78,13,WI
78,13,MD
78,13,NJ
78,13,NY
78,13,NY
78,13,MD
78,13,NY
78,13,VA
78,13,NJ
78,13,NY
78,13,NY
78,13,NC
78,13,NJ
78,13,MD
78,13,NY
78,13,NJ
78,13,MD
78,13,NY
78,13,CA
78,13,MA
78,13,MD
78,13,MD
78,13,NC
78,13,PA
78,13,PA
78,13,NC
78,13,NJ
78,13,NJ
78,13,VT
78,13,DE
78,13,NJ
78,13,MD
78,13,NY
78,13,NY
78,13,NC
78,13,NJ
78,13,MD
78,13,NY
78,13,NY
78,13,NJ
78,13,PA
78,13,NJ
78,13,PA
78,13,VA
78,13,PA
78,13,NJ
78,13,NJ
78,13,NY
78,13,NJ
78,13,MD
78,13,NJ
78,13,CT
78,13,NC
78,13,NJ
78,13,VA
78,13,VA
78,13,NJ
78,13,NJ
78,13,NJ
78,13,CT
78,13,NC
78,13,NJ
78,13,VA
78,13,NJ
78,13,VA
78,13,NY
78,13,NJ
78,13,NJ
78,13,NJ
78,13,PA
78,13,PA
78,13,NJ
78,13,FL
78,13,PA
78,13,NJ
78,13,NJ
78,13,NJ
78,13,MD
78,13,VA
78,13,NY
78,13,NJ
78,13,DC
78,13,MD
78,13,VA
78,13,MD
78,13,CT
78,13,VA
78,13,MD
78,13,NY
78,13,DE
78,13,NJ
78,13,MD
78,13,VA
78,13,NJ
78,13,MD
78,13,NJ
78,13,MD
78,13,PA
78,13,DC
78,13,NJ
78,13,NJ
78,13,NJ
78,13,NJ
78,13,NJ
78,13,DE
78,13,NY
78,13,FL
78,13,PA
78,13,NY
78,13,MA
78,13,PA
78,13,MD
78,13,DE
78,13,NJ
78,13,NJ
78,13,NC
78,13,PA
78,13,NY
78,13,NY
78,13,NJ
78,13,NJ
78,13,NC
78,13,NJ
78,13,NY
78,13,NJ
78,13,MA
78,13,NJ
78,13,FL
78,13,PA
78,13,MD
78,13,MD
78,13,MD
78,13,NJ
78,13,MD
78,13,NJ
78,13,NJ
78,13,MD
78,13,PA
78,13,NY
78,13,NJ
78,13,PA
78,13,NJ
78,13,VA
78,13,NY
78,13,NJ
78,13,NY
78,13,VA
78,13,NY
78,13,NJ
78,13,MD
78,13,NJ
78,13,VA
78,13,VA
78,13,VA
78,13,NY
78,13,DE
78,13,MD
78,13,NJ
78,13,MA
78,13,IL
78,13,NY
78,13,NJ
78,13,NJ
78,13,VA
78,13,NJ
78,13,NJ
78,13,NJ
78,13,PA
78,13,PA
78,13,MD
78,13,MD
78,13,NJ
78,13,DC
78,13,PA
78,13,NJ
78,13,MD
78,13,VA
78,13,MD
78,13,VA
78,13,NJ
78,13,NY
78,13,NY
78,13,NJ
78,13,NJ
78,13,MD
78,13,NJ
78,13,NJ
78,13,NJ
78,13,VA
78,13,NY
78,13,NJ
78,13,NJ
78,13,GA
78,13,NJ
78,13,NJ
78,13,NJ
78,13,NJ
78,13,NJ
78,13,PA
78,13,NJ
78,13,TX
78,13,MD
78,13,NJ
78,13,NY
78,13,NY
78,13,DE
78,13,NJ
78,13,MD
78,13,VA
78,13,NY
78,13,PA
78,13,FL
78,13,NY
78,13,PA
78,13,NV
78,13,MD
78,13,GA
78,13,NJ
78,13,NY
78,13,MA
78,13,VA
78,13,FL
78,13,MD
78,13,VA
78,13,MD
78,13,VA
78,13,NY
78,13,NY
78,13,NJ
78,13,NY
78,13,DC
78,13,MA
78,13,DE
78,13,NY
78,13,NJ
78,13,NJ
78,13,CT
83,13,NY
83,13,NY
83,13,PA
59,14,VT
79,14,PA
79,14,MA
79,14,U 
79,14,FL
79,14,NJ
79,14,NJ
79,14,NJ
79,14,NY
79,14,NJ
79,14,U 
79,14,U 
79,14,U 
79,14,NJ
79,14,NJ
79,14,MD
79,14,NJ
79,14,VA
79,14,NJ
79,14,DE
79,14,NJ
79,14,NY
79,14,MD
79,14,NJ
79,14,MD
79,14,VA
79,14,NY
79,14,VT
79,14,NJ
79,14,U 
79,14,CT
79,14,NJ
79,14,NY
79,14,DE
79,14,VA
79,14,FL
79,14,U 
79,14,VA
79,14,NJ
79,14,NJ
79,14,VA
79,14,NJ
79,14,VA
79,14,VA
79,14,NJ
79,14,MD
79,14,NY
79,14,NY
79,14,NJ
79,14,NJ
79,14,NJ
79,14,NJ
79,14,PA
79,14,PA
79,14,PA
79,14,MD
79,14,NJ
79,14,NJ
79,14,NJ
79,14,NY
79,14,MA
79,14,VA
79,14,NJ
79,14,NJ
79,14,PA
79,14,PA
79,14,NY
79,14,NJ
79,14,PA
79,14,VA
79,14,VA
79,14,WA
79,14,FL
79,14,VA
79,14,NY
79,14,NJ
79,14,MA
79,14,NJ
79,14,NJ
79,14,NJ
79,14,RI
79,14,PA
79,14,MA
79,14,NJ
79,14,NJ
79,14,NJ
79,14,NY
79,14,NY
79,14,NJ
79,14,NJ
79,14,NJ
79,14,NJ
79,14,NJ
79,14,VA
79,14,NJ
79,14,NJ
79,14,NJ
79,14,NJ
79,14,NJ
79,14,NJ
79,14,NJ
79,14,MD
79,14,NJ
79,14,NJ
79,14,NJ
79,14,NY
79,14,MD
79,14,NY
79,14,NJ
79,14,NJ
79,14,CT
79,14,NJ
79,14,DE
79,14,NY
79,14,NY
79,14,NJ
79,14,MA
79,14,NJ
79,14,NJ
79,14,VA
79,14,NY
79,14,NY
79,14,NJ
79,14,PA
79,14,MD
79,14,U 
79,14,NJ
79,14,NJ
79,14,U 
79,14,NJ
79,14,NY
79,14,SC
79,14,SC
79,14,IL
79,14,PA
79,14,PA
79,14,NJ
79,14,VA
79,14,MD
79,14,PA
79,14,NC
79,14,NY
79,14,NJ
79,14,NY
79,14,NJ
79,14,DE
79,14,PA
79,14,NJ
79,14,DC
79,14,NJ
79,14,NJ
79,14,VA
79,14,DE
79,14,DC
79,14,PA
79,14,NJ
79,14,NY
79,14,NJ
79,14,NY
79,14,VA
79,14,NC
79,14,MD
79,14,MD
79,14,NJ
79,14,MA
79,14,NJ
79,14,VA
79,14,DE
79,14,MD
79,14,PA
79,14,NJ
79,14,NY
79,14,NY
79,14,NJ
79,14,FL
79,14,NY
79,14,MD
79,14,PA
79,14,NJ
79,14,FL
79,14,DC
79,14,MD
79,14,NY
79,14,CT
79,14,NJ
79,14,NJ
79,14,MD
79,14,NY
79,14,CN
79,14,MD
79,14,NY
79,14,U 
79,14,MD
79,14,NJ
79,14,NJ
79,14,NY
79,14,NJ
79,14,NY
79,14,NJ
79,14,PA
79,14,FL
79,14,NY
79,14,PA
79,14,MD
79,14,NJ
79,14,NJ
79,14,PA
79,14,NJ
79,14,NJ
79,14,NJ
79,14,NY
79,14,PA
79,14,FL
79,14,NC
79,14,NJ
79,14,NJ
79,14,DE
79,14,TX
79,14,MD
79,14,NJ
79,14,NJ
79,14,NJ
79,14,PA
79,14,NJ
79,14,MA
79,14,NJ
79,14,NJ
79,14,NJ
79,14,VA
79,14,NJ
79,14,NJ
79,14,NY
79,14,DE
79,14,NY
79,14,NY
89,14,FL
89,14,MD
80,15,NY
80,15,U 
80,15,MA
80,15,NJ
80,15,DE
80,15,NC
80,15,U 
80,15,CT
80,15,U 
80,15,U 
80,15,U 
80,15,GA
80,15,FL
80,15,NH
80,15,PA
80,15,NJ
80,15,NC
80,15,CT
80,15,NC
80,15,NJ
80,15,NY
80,15,OH
80,15,NJ
80,15,NY
80,15,MD
80,15,CT
80,15,U 
80,15,VA
80,15,U 
80,15,NJ
80,15,NJ
80,15,NJ
80,15,NY
80,15,NJ
80,15,NY
80,15,DE
80,15,NY
80,15,NY
80,15,NJ
80,15,NJ
80,15,CO
80,15,NY
80,15,NJ
80,15,IN
80,15,MD
80,15,ME
80,15,MA
80,15,NY
80,15,NJ
80,15,PA
80,15,PA
80,15,NJ
80,15,NY
80,15,MD
80,15,NJ
80,15,NJ
80,15,NC
80,15,VA
80,15,U 
80,15,NY
80,15,NJ
80,15,MA
80,15,NJ
80,15,FL
80,15,NJ
80,15,VA
80,15,U 
80,15,NJ
80,15,NY
80,15,NJ
80,15,NJ
80,15,NJ
80,15,NY
80,15,NJ
80,15,NJ
80,15,NJ
80,15,MA
80,15,PA
80,15,NJ
80,15,MD
80,15,NJ
80,15,NJ
80,15,DE
80,15,NJ
80,15,NJ
80,15,NJ
80,15,NJ
80,15,NJ
80,15,NJ
80,15,DE
80,15,MD
80,15,NY
80,15,NC
80,15,NY
80,15,NJ
80,15,NY
80,15,NJ
80,15,NY
80,15,NJ
80,15,NY
80,15,NY
80,15,MD
80,15,CT
80,15,CT
80,15,MD
80,15,NY
80,15,CT
80,15,NY
80,15,NJ
80,15,PA
80,15,NJ
80,15,VA
80,15,NY
80,15,VA
80,15,NJ
80,15,NY
80,15,DE
80,15,PA
80,15,NH
80,15,NY
80,15,PA
80,15,NJ
80,15,VA
80,15,FL
80,15,NY
80,15,NY
80,15,NJ
80,15,NY
80,15,PA
80,15,NJ
80,15,NJ
80,15,NJ
80,15,NJ
80,15,VA
80,15,CT
80,15,MD
80,15,NJ
80,15,DE
80,15,DE
80,15,DE
80,15,NJ
80,15,GA
80,15,NY
80,15,PA
80,15,NJ
80,15,NJ
80,15,NJ
80,15,NJ
80,15,NJ
80,15,NJ
80,15,NJ
80,15,PA
80,15,NJ
80,15,NY
80,15,NJ
80,15,NY
80,15,MD
80,15,PA
80,15,NJ
80,15,NY
80,15,NY
80,15,CT
80,15,DE
80,15,DE
80,15,NJ
80,15,VA
80,15,NJ
80,15,NJ
80,15,NJ
80,15,NY
80,15,NC
80,15,NJ
80,15,NJ
80,15,NY
80,15,NC
80,15,NJ
80,15,NY
80,15,NJ
80,15,NJ
80,15,VA
80,15,NJ
80,15,NJ
80,15,NY
80,15,NY
80,15,DE
80,15,MD
80,15,NJ
80,15,MD
80,15,VA
80,15,NJ
80,15,NJ
80,15,NJ
80,15,NY
80,15,VA
80,15,MD
80,15,VA
80,15,NJ
80,15,NY
80,15,VA
80,15,AZ
80,15,CT
80,15,PA
80,15,PA
80,15,CT
80,15,NY
80,15,PA
80,15,NJ
80,15,NJ
80,15,MD
80,15,PA
80,15,MA
80,15,DE
80,15,NJ
80,15,MA
80,15,VA
80,15,NJ
80,15,NY
80,15,NY
80,15,NJ
80,15,MD
80,15,NY
80,15,NY
80,15,NJ
80,15,NJ
80,15,NY
80,15,NJ
80,15,NY
80,15,NJ
80,15,NJ
80,15,NJ
80,15,NJ
80,15,NY
80,15,VA
80,15,MD
80,15,NJ
80,15,VA
80,15,MA
80,15,MD
80,15,CT
80,15,NJ
80,15,PA
80,15,NJ
80,15,NJ
80,15,PA
80,15,MD
80,15,PA
80,15,MN
80,15,VA
80,15,MD
80,15,VA
80,15,NJ
80,15,NY
80,15,MD
80,15,NJ
80,15,NJ
80,15,PA
80,15,NJ
80,15,CT
80,15,AZ
80,15,MD
80,15,MD
80,15,NJ
80,15,DE
80,15,MD
80,15,NY
80,15,NJ
80,15,NY
80,15,NJ
80,15,VA
80,15,MN
80,15,NY
80,15,VA
80,15,NY
80,15,NY
80,15,NJ
80,15,NY
80,15,PA
80,15,NJ
80,15,MD
80,15,NJ
80,15,NJ
80,15,VA
80,15,NJ
80,15,NJ
80,15,NJ
80,15,NJ
80,15,NJ
80,15,NJ
80,15,DE
80,15,VA
80,15,NJ
80,15,NY
80,15,PA
80,15,NJ
80,15,PA
80,15,NJ
80,15,NJ
80,15,PA
80,15,PA
80,15,PA
80,15,NJ
80,15,FL
80,15,NC
80,15,NY
80,15,CN
80,15,NJ
80,15,PA
80,15,SC
80,15,VA
80,15,NJ
80,15,NY
80,15,NJ
80,15,NY
80,15,NJ
80,15,MA
80,15,NJ
80,15,NJ
80,15,NJ
80,15,NJ
80,15,NJ
80,15,NY
80,15,NY
80,15,MA
80,15,VA
80,15,NJ
80,15,NJ
80,15,NJ
80,15,VA
80,15,CT
80,15,MA
80,15,MA
80,15,MD
80,15,VA
80,15,CT
85,15,MD
61,16,NJ
61,16,VA
80,16,NY
81,16,NJ
81,16,VA
81,16,MA
81,16,U 
81,16,U 
81,16,NJ
81,16,MA
81,16,MD
81,16,MD
81,16,NJ
81,16,NJ
81,16,NJ
81,16,MD
81,16,VA
81,16,MD
81,16,GA
81,16,NJ
81,16,U 
81,16,VA
81,16,NJ
81,16,NY
81,16,CT
81,16,CT
81,16,VA
81,16,MD
81,16,MD
81,16,MA
81,16,NY
81,16,NJ
81,16,NY
81,16,NJ
81,16,NJ
81,16,PA
81,16,NY
81,16,IL
81,16,NJ
81,16,MD
81,16,PA
81,16,PA
81,16,MD
81,16,PA
81,16,NY
81,16,MD
81,16,VT
81,16,NJ
81,16,NY
81,16,NJ
81,16,MD
81,16,NJ
81,16,NY
81,16,NY
81,16,NJ
81,16,NY
81,16,PA
81,16,PA
81,16,PA
81,16,MD
81,16,PA
81,16,NY
81,16,MD
81,16,MD
81,16,NJ
81,16,NJ
81,16,VA
81,16,NJ
81,16,NJ
81,16,MD
81,16,NC
81,16,NY
81,16,NJ
81,16,VA
81,16,MD
81,16,MD
81,16,MD
81,16,NJ
81,16,NJ
81,16,NY
81,16,NJ
81,16,NJ
81,16,PA
81,16,NJ
81,16,NY
81,16,U 
81,16,NY
81,16,NJ
81,16,NJ
81,16,FL
81,16,NJ
81,16,NJ
81,16,CT
81,16,PA
81,16,DE
81,16,NJ
81,16,MD
81,16,NJ
81,16,MD
81,16,NJ
81,16,NJ
81,16,U 
81,16,VA
81,16,NJ
81,16,VA
81,16,VA
81,16,FL
81,16,VA
81,16,NJ
81,16,NY
81,16,MD
81,16,NJ
81,16,DE
81,16,MA
81,16,NJ
81,16,PA
81,16,NY
81,16,PA
81,16,PA
81,16,MD
81,16,MD
81,16,NJ
81,16,NY
81,16,DE
81,16,NJ
81,16,NY
81,16,NJ
81,16,PA
81,16,CT
81,16,VA
81,16,NJ
81,16,MD
81,16,PA
81,16,U 
81,16,NY
81,16,NJ
81,16,PA
81,16,PA
81,16,NJ
81,16,VA
81,16,MD
81,16,FL
81,16,NJ
81,16,NJ
81,16,NJ
81,16,NJ
81,16,MD
81,16,PA
81,16,PA
81,16,DE
81,16,PA
81,16,NH
81,16,NY
81,16,NJ
81,16,PA
81,16,NJ
81,16,NJ
81,16,NY
81,16,MD
81,16,NJ
81,16,NJ
81,16,NJ
81,16,VA
81,16,DE
81,16,PA
81,16,NJ
81,16,NJ
81,16,NJ
81,16,VA
81,16,NJ
81,16,PA
81,16,PA
81,16,MD
81,16,PA
81,16,NJ
81,16,NJ
81,16,FL
81,16,NJ
81,16,NC
81,16,KS
81,16,PA
81,16,NY
81,16,MA
81,16,NJ
81,16,NY
86,16,NJ
62,17,PA
62,17,NY
82,17,NJ
82,17,NJ
82,17,CT
82,17,DC
82,17,NJ
82,17,MD
82,17,MD
82,17,U 
82,17,CT
82,17,NY
82,17,NY
82,17,NY
82,17,MD
82,17,PA
82,17,VA
82,17,U 
82,17,NJ
82,17,DE
82,17,NJ
82,17,NJ
82,17,NJ
82,17,NJ
82,17,MD
82,17,MD
82,17,NJ
82,17,NJ
82,17,CT
82,17,DE
82,17,NY
82,17,NJ
82,17,NJ
82,17,NJ
82,17,NC
82,17,CT
82,17,NJ
82,17,NJ
82,17,NJ
82,17,NJ
82,17,NJ
82,17,NJ
82,17,NJ
82,17,NJ
82,17,NY
82,17,NY
82,17,NJ
82,17,NY
82,17,NJ
82,17,CT
82,17,NJ
82,17,NJ
82,17,VA
82,17,NY
82,17,NJ
82,17,MD
82,17,NJ
82,17,NJ
82,17,NJ
82,17,FL
82,17,PA
82,17,DE
82,17,VA
82,17,NY
82,17,NY
82,17,VA
82,17,MD
82,17,NJ
82,17,NJ
82,17,NJ
82,17,VA
82,17,VA
82,17,NJ
82,17,NJ
82,17,NJ
82,17,CT
82,17,NY
82,17,NJ
82,17,FL
82,17,VA
82,17,MA
82,17,NC
82,17,CT
82,17,NY
82,17,NY
82,17,VA
82,17,PA
82,17,CO
82,17,NJ
82,17,U 
82,17,DE
82,17,NJ
82,17,CT
82,17,CT
82,17,NY
82,17,MD
82,17,MD
82,17,NJ
82,17,NJ
82,17,VA
82,17,NJ
82,17,DE
82,17,NY
82,17,NY
82,17,NJ
82,17,MD
82,17,NY
82,17,MD
82,17,NJ
82,17,NC
82,17,NJ
82,17,CT
82,17,NJ
82,17,DE
82,17,DE
82,17,NY
82,17,NJ
82,17,CT
82,17,MA
82,17,VA
82,17,FL
82,17,NJ
82,17,NJ
82,17,NJ
82,17,NJ
82,17,NJ
82,17,VA
82,17,NJ
82,17,NY
82,17,CT
82,17,MD
82,17,PA
82,17,MD
82,17,NJ
82,17,CT
82,17,PA
82,17,DE
82,17,NJ
82,17,VA
82,17,NJ
82,17,GA
82,17,PA
82,17,NJ
82,17,NJ
82,17,NJ
82,17,MA
63,18,NY
63,18,NH
63,18,NJ
83,18,NJ
83,18,U 
83,18,NC
83,18,NY
83,18,NJ
83,18,NY
83,18,NJ
83,18,U 
83,18,NJ
83,18,NY
83,18,U 
83,18,U 
83,18,PA
83,18,MD
83,18,NJ
83,18,NJ
83,18,NJ
83,18,NJ
83,18,NJ
83,18,PA
83,18,NJ
83,18,NJ
83,18,NJ
83,18,NJ
83,18,MA
83,18,NJ
83,18,NY
83,18,DE
83,18,NJ
83,18,CT
83,18,NY
83,18,NJ
83,18,U 
83,18,NJ
83,18,NY
83,18,NY
83,18,DC
83,18,NY
83,18,CT
83,18,NY
83,18,DE
83,18,NJ
83,18,RI
83,18,NY
83,18,NJ
83,18,FL
83,18,NY
83,18,PA
83,18,PA
83,18,NJ
83,18,MD
83,18,NC
83,18,NY
83,18,PA
83,18,NJ
83,18,NY
83,18,FL
83,18,NY
83,18,TX
83,18,DE
83,18,NY
83,18,NY
83,18,NJ
83,18,NJ
83,18,MD
83,18,NC
83,18,GA
83,18,NY
83,18,FL
83,18,VA
83,18,DE
83,18,NJ
83,18,NJ
83,18,NJ
83,18,MD
83,18,MD
83,18,NJ
83,18,NY
83,18,DE
83,18,GA
83,18,PA
83,18,VA
83,18,MD
83,18,NY
83,18,NJ
83,18,NJ
83,18,DE
83,18,NJ
83,18,PA
64,19,PA
64,19,MA
64,19,NY
64,19,DC
64,19,NY
64,19,NJ
84,19,PA
84,19,CT
84,19,NJ
84,19,NJ
84,19,PA
84,19,NJ
84,19,MD
84,19,FL
84,19,MD
84,19,CT
84,19,CT
84,19,NJ
84,19,NJ
84,19,DC
84,19,NJ
84,19,DC
84,19,PA
84,19,MD
84,19,MD
84,19,NY
84,19,VA
84,19,PA
84,19,NJ
84,19,NJ
84,19,NJ
84,19,CN
84,19,VA
84,19,NJ
84,19,NJ
84,19,MA
84,19,NJ
84,19,NJ
84,19,DE
84,19,NJ
84,19,PA
84,19,NJ
84,19,MD
84,19,NJ
84,19,NJ
84,19,NJ
84,19,OH
84,19,NY
84,19,PA
84,19,MD
84,19,MA
84,19,NY
84,19,MD
84,19,MD
84,19,NY
84,19,MD
84,19,NJ
84,19,VA
84,19,NY
84,19,MD
84,19,NJ
84,19,NJ
84,19,OH
84,19,NJ
84,19,NJ
84,19,VA
84,19,CT
84,19,MD
84,19,CT
84,19,NJ
84,19,NJ
84,19,NJ
84,19,MD
84,19,VA
84,19,NJ
84,19,PA
84,19,PA
84,19,NY
84,19,NY
84,19,PA
84,19,MD
89,19,MD
65,20,PA
65,20,NJ
65,20,NJ
65,20,NJ
65,20,NY
65,20,NY
65,20,U 
85,20,NJ
85,20,NJ
85,20,NY
85,20,NY
85,20,U 
85,20,NY
85,20,NJ
85,20,NY
85,20,NJ
85,20,NJ
85,20,NJ
85,20,NJ
85,20,NY
85,20,NC
85,20,U 
85,20,GA
85,20,NC
85,20,PA
85,20,MA
85,20,FL
85,20,NJ
85,20,VA
85,20,VA
85,20,MD
85,20,FL
85,20,NY
85,20,NJ
85,20,NJ
85,20,NJ
85,20,NJ
85,20,NJ
85,20,NJ
85,20,DE
85,20,NY
85,20,NJ
85,20,NJ
85,20,NH
85,20,NJ
85,20,NJ
85,20,NJ
85,20,NJ
85,20,NJ
85,20,NJ
85,20,NJ
85,20,NJ
85,20,NY
85,20,NJ
85,20,NY
66,21,DC
66,21,MD
66,21,DE
66,21,NJ
66,21,DE
86,21,NJ
86,21,CT
86,21,FL
86,21,NJ
86,21,NY
86,21,PA
86,21,NY
86,21,NC
86,21,PA
86,21,DC
86,21,PA
86,21,PA
86,21,PA
86,21,MD
86,21,VA
86,21,PA
86,21,DE
86,21,NJ
86,21,MD
86,21,FL
86,21,NJ
86,21,NY
86,21,DE
86,21,NJ
86,21,NJ
86,21,NJ
86,21,MD
86,21,MD
86,21,NC
86,21,NJ
86,21,NY
86,21,PA
86,21,VA
67,22,DC
67,22,MA
67,22,NC
67,22,PA
87,22,NJ
87,22,NY
87,22,NJ
87,22,DE
87,22,NJ
87,22,NY
87,22,MD
87,22,MA
87,22,DE
87,22,NY
87,22,NJ
87,22,NY
87,22,NJ
87,22,NJ
87,22,NY
87,22,NJ
87,22,VA
87,22,NJ
87,22,PA
87,22,DE
87,22,MD
68,23,PA
68,23,VA
68,23,NY
68,23,DE
68,23,NY
68,23,NJ
68,23,PA
88,23,NC
88,23,NJ
88,23,NY
88,23,NJ
88,23,NJ
88,23,VA
88,23,NJ
88,23,DE
88,23,NJ
88,23,NJ
88,23,NJ
88,23,NH
88,23,PA
88,23,PA
88,23,NY
88,23,NJ
88,23,DE
88,23,MD
88,23,NJ
88,23,NJ
88,23,VA
88,23,RI
88,23,CT
88,23,NJ
88,23,NJ
69,24,NJ
69,24,NJ
69,24,NY
89,24,NC
89,24,NJ
89,24,NJ
89,24,VA
89,24,DE
89,24,NJ
89,24,NJ
89,24,NJ
89,24,PA
89,24,NY
89,24,NY
89,24,NY
89,24,NJ
89,24,NJ
89,24,NJ
70,25,NJ
70,25,MD
70,25,NJ
70,25,NY
70,25,NJ
70,25,PA
70,25,PA
90,25,NY
90,25,NY
90,25,NJ
90,25,NJ
71,26,U 
71,26,NJ
71,26,NJ
71,26,NY
71,26,NY
91,26,VA
91,26,PA
91,26,NY
91,26,IL
91,26,PA
91,26,MA
91,26,NY
91,26,NY
91,26,PA
91,26,VA
91,26,NY
72,27,NC
72,27,NY
72,27,NY
72,27,GA
92,27,MD
92,27,NY
92,27,NY
73,28,NY
73,28,NJ
73,28,MD
73,28,MD
93,28,PA
74,29,NY
74,29,NY
75,30,NJ
95,30,NJ
95,30,NJ
76,31,NY
96,31,VA
96,31,MD
77,32,NJ
97,32,MD
78,33,VA
78,33,MD
98,33,GA
100,35,NY
101,36,VA
102,37,NJ
73,38,NJ
